project,date,commit_hash,files,async_list_comprehensions,async_set_comprehensions,async_dict_comprehensions,async_generator_expressions,async_list_comprehensions_files,async_set_comprehensions_files,async_dict_comprehensions_files,async_generator_expressions_files,matrix_multiplication,matrix_multiplication_files,async_def,await_expressions,async_for,async_with,async_def_files,await_expressions_files,async_for_files,async_with_files,fstring,fstring_files,except_star,except_star_files,pattern_match,pattern_as,pattern_or,pattern_sequence,pattern_mapping,pattern_class,pattern_value,pattern_singleton,pattern_star,pattern_match_files,pattern_as_files,pattern_or_files,pattern_sequence_files,pattern_mapping_files,pattern_class_files,pattern_value_files,pattern_singleton_files,pattern_star_files,assign_unpack,list_unpack,tuple_unpack,set_unpack,dict_unpack,call_kwargs_unpack,call_args_unpack,assign_unpack_files,list_unpack_files,tuple_unpack_files,set_unpack_files,dict_unpack_files,call_kwargs_unpack_files,call_args_unpack_files,nonlocal,nonlocal_files,function_args_annotation,function_return_annotation,function_args_annotation_files,function_return_annotation_files,function_with_annotation,function_with_annotation_files,function_without_annotation,function_without_annotation_files,kw_defaults,kw_args,kw_defaults_files,kw_args_files,type_vars_bounds,type_vars_constraints,type_param_spec,type_var_tuple,type_vars_bounds_files,type_vars_constraints_files,type_param_spec_files,type_var_tuple_files,yield_from,yield_from_files,assignment_expression,assignment_expression_files,variable_annotation,variable_annotation_files,assign,assign_files,assign_with_type_comment,assign_with_type_comment_files,aug_assign,aug_assign_files,suppressing_exception_context,suppressing_exception_context_files,statements,errors
jobovy_galpy,2010-07-10,54a604b79d0183dc9cc69a4dd5299d97861b7eb5,0,0
jobovy_galpy,2010-08-17,1357af67ca743e0e9b0dadd991952bff17b6bd1f,32,0,0,0,0,0,0,0,0,0,0,0,0,0,0,0,0,0,0,0,0,0,0,0,0,0,0,0,0,0,0,0,0,0,0,0,0,0,0,0,0,0,0,0,0,0,0,0,0,0,0,0,0,0,0,0,0,0,0,0,0,0,0,203,19,0,0,0,0,0,0,0,0,0,0,0,0,0,0,0,0,0,0,667,24,0,0,25,2,0,0,1906,8
jobovy_galpy,2010-09-20,ccbc9d5fa1b655df0195432b9e9c3207145d1f32,32,0,0,0,0,0,0,0,0,0,0,0,0,0,0,0,0,0,0,0,0,0,0,0,0,0,0,0,0,0,0,0,0,0,0,0,0,0,0,0,0,0,0,0,0,0,0,0,0,0,0,0,0,0,0,0,0,0,0,0,0,0,0,221,19,0,0,0,0,0,0,0,0,0,0,0,0,0,0,0,0,0,0,677,24,0,0,25,2,0,0,2002,8
jobovy_galpy,2010-11-23,ffad251dd336b8a22393636935d3b4775c3bf3c0,33,0,0,0,0,0,0,0,0,0,0,0,0,0,0,0,0,0,0,0,0,0,0,0,0,0,0,0,0,0,0,0,0,0,0,0,0,0,0,0,0,0,0,0,0,0,0,0,0,0,0,0,0,0,0,0,0,0,0,0,0,0,0,253,19,0,0,0,0,0,0,0,0,0,0,0,0,0,0,0,0,0,0,808,24,0,0,31,3,0,0,2441,9
jobovy_galpy,2010-12-31,5b56b481569ba96923033da29f3fd380cbea4c40,38,0,0,0,0,0,0,0,0,0,0,0,0,0,0,0,0,0,0,0,0,0,0,0,0,0,0,0,0,0,0,0,0,0,0,0,0,0,0,0,0,0,0,0,0,0,0,0,0,0,0,0,0,0,0,0,0,0,0,0,0,0,0,316,23,0,0,0,0,0,0,0,0,0,0,0,0,0,0,0,0,0,0,1108,28,0,0,45,6,0,0,3199,10
jobovy_galpy,2011-02-02,982eb68721666015b94d76b847eae53300a2ee22,38,0,0,0,0,0,0,0,0,0,0,0,0,0,0,0,0,0,0,0,0,0,0,0,0,0,0,0,0,0,0,0,0,0,0,0,0,0,0,0,0,0,0,0,0,0,0,0,0,0,0,0,0,0,0,0,0,0,0,0,0,0,0,321,23,0,0,0,0,0,0,0,0,0,0,0,0,0,0,0,0,0,0,1217,28,0,0,45,5,0,0,3472,10
jobovy_galpy,2011-03-06,3dc924056b8b34385ff7cd67f72fe9456f09b826,44,0,0,0,0,0,0,0,0,0,0,0,0,0,0,0,0,0,0,0,0,0,0,0,0,0,0,0,0,0,0,0,0,0,0,0,0,0,0,0,0,0,0,0,0,0,0,0,0,0,0,0,0,0,0,0,0,0,0,0,0,0,0,396,26,0,0,0,0,0,0,0,0,0,0,0,0,0,0,0,0,0,0,1618,32,0,0,70,8,0,0,4425,12
jobovy_galpy,2011-04-05,d240402988929ee69c800b8013e6b57a60157c7c,50,0,0,0,0,0,0,0,0,0,0,0,0,0,0,0,0,0,0,0,0,0,0,0,0,0,0,0,0,0,0,0,0,0,0,0,0,0,0,0,0,0,0,0,0,0,0,0,0,0,0,0,0,0,0,0,0,0,0,0,0,0,0,381,29,0,0,0,0,0,0,0,0,0,0,0,0,0,0,0,0,0,0,1545,35,0,0,57,7,0,0,4221,15
jobovy_galpy,2011-06-13,45af9f4b843a60105b65176cbacfd84e687b279c,52,0,0,0,0,0,0,0,0,0,0,0,0,0,0,0,0,0,0,0,0,0,0,0,0,0,0,0,0,0,0,0,0,0,0,0,0,0,0,0,0,0,0,0,0,0,0,0,0,0,0,0,0,0,0,0,0,0,0,0,0,0,0,408,31,0,0,0,0,0,0,0,0,0,0,0,0,0,0,0,0,0,0,1634,36,0,0,59,8,0,0,4463,15
jobovy_galpy,2011-07-19,e7324bf1a2cf50fa5dc344b2c57da49b0e6ae1e6,52,0,0,0,0,0,0,0,0,0,0,0,0,0,0,0,0,0,0,0,0,0,0,0,0,0,0,0,0,0,0,0,0,0,0,0,0,0,0,0,0,0,0,0,0,0,0,0,0,0,0,0,0,0,0,0,0,0,0,0,0,0,0,408,31,0,0,0,0,0,0,0,0,0,0,0,0,0,0,0,0,0,0,1690,37,0,0,59,8,0,0,4577,15
jobovy_galpy,2011-08-22,3bfc4d17d5ae3e61794e25672e108440825bb53c,53,0,0,0,0,0,0,0,0,0,0,0,0,0,0,0,0,0,0,0,0,0,0,0,0,0,0,0,0,0,0,0,0,0,0,0,0,0,0,0,0,0,0,0,0,0,0,0,0,0,0,0,0,0,0,0,0,0,0,0,0,0,0,411,32,0,0,0,0,0,0,0,0,0,0,0,0,0,0,0,0,0,0,1731,38,0,0,59,8,0,0,4670,15
jobovy_galpy,2011-09-22,1f6686848be92d2ae7af09a8c20fa1faa8d5e3c6,53,0,0,0,0,0,0,0,0,0,0,0,0,0,0,0,0,0,0,0,0,0,0,0,0,0,0,0,0,0,0,0,0,0,0,0,0,0,0,0,0,0,0,0,0,0,0,0,0,0,0,0,0,0,0,0,0,0,0,0,0,0,0,411,32,0,0,0,0,0,0,0,0,0,0,0,0,0,0,0,0,0,0,1731,38,0,0,59,9,0,0,4670,15
jobovy_galpy,2011-10-22,7a64a973852f793c9b03f6458ce8ca2a84a24660,53,0,0,0,0,0,0,0,0,0,0,0,0,0,0,0,0,0,0,0,0,0,0,0,0,0,0,0,0,0,0,0,0,0,0,0,0,0,0,0,0,0,0,0,0,0,0,0,0,0,0,0,0,0,0,0,0,0,0,0,0,0,0,456,33,0,0,0,0,0,0,0,0,0,0,0,0,0,0,0,0,0,0,2010,39,0,0,59,9,0,0,5335,14
jobovy_galpy,2011-11-23,a53d6a268fc8bc92cded07c5e396bfdee547fb06,55,0,0,0,0,0,0,0,0,0,0,0,0,0,0,0,0,0,0,0,0,0,0,0,0,0,0,0,0,0,0,0,0,0,0,0,0,0,0,0,0,0,0,0,0,0,0,0,0,0,0,0,0,0,0,0,0,0,0,0,0,0,0,468,33,0,0,0,0,0,0,0,0,0,0,0,0,0,0,0,0,0,0,2146,41,0,0,59,9,0,0,5696,14
jobovy_galpy,2011-12-24,5c141a3685421a0767e74c97da9fca2a627dbea9,55,0,0,0,0,0,0,0,0,0,0,0,0,0,0,0,0,0,0,0,0,0,0,0,0,0,0,0,0,0,0,0,0,0,0,0,0,0,0,0,0,0,0,0,0,0,0,0,0,0,0,0,0,0,0,0,0,0,0,0,0,0,0,468,35,0,0,0,0,0,0,0,0,0,0,0,0,0,0,0,0,0,0,2161,41,0,0,59,9,0,0,5739,14
jobovy_galpy,2012-01-26,83d89382b2de50e89b1667f7bd9f0e959da80ab6,55,0,0,0,0,0,0,0,0,0,0,0,0,0,0,0,0,0,0,0,0,0,0,0,0,0,0,0,0,0,0,0,0,0,0,0,0,0,0,0,0,0,0,0,0,0,0,0,0,0,0,0,0,0,0,0,0,0,0,0,0,0,0,468,35,0,0,0,0,0,0,0,0,0,0,0,0,0,0,0,0,0,0,2162,41,0,0,59,8,0,0,5741,14
jobovy_galpy,2012-03-23,99fe4f83f9a22a80a7a179d8844421e85177e58a,55,0,0,0,0,0,0,0,0,0,0,0,0,0,0,0,0,0,0,0,0,0,0,0,0,0,0,0,0,0,0,0,0,0,0,0,0,0,0,0,0,0,0,0,0,0,0,0,0,0,0,0,0,0,0,0,0,0,0,0,0,0,0,468,35,0,0,0,0,0,0,0,0,0,0,0,0,0,0,0,0,0,0,2162,41,0,0,59,8,0,0,5741,14
jobovy_galpy,2012-04-30,745f0eaa5daf960175158855b1304650e102afd4,55,0,0,0,0,0,0,0,0,0,0,0,0,0,0,0,0,0,0,0,0,0,0,0,0,0,0,0,0,0,0,0,0,0,0,0,0,0,0,0,0,0,0,0,0,0,0,0,0,0,0,0,0,0,0,0,0,0,0,0,0,0,0,468,35,0,0,0,0,0,0,0,0,0,0,0,0,0,0,0,0,0,0,2162,41,0,0,59,9,0,0,5743,14
jobovy_galpy,2012-06-01,134bf1aacb2e2247f2e4bd71a8f2bd9cfea38fd4,56,0,0,0,0,0,0,0,0,0,0,0,0,0,0,0,0,0,0,0,0,0,0,0,0,0,0,0,0,0,0,0,0,0,0,0,0,0,0,0,0,0,0,0,0,0,0,0,0,0,0,0,0,0,0,0,0,0,0,0,0,0,0,476,35,0,0,0,0,0,0,0,0,0,0,0,0,0,0,0,0,0,0,2173,42,0,0,60,9,0,0,5795,14
jobovy_galpy,2012-07-13,a02c91483da6c47dd1a142d5c0a4faa3bdd743e3,56,0,0,0,0,0,0,0,0,0,0,0,0,0,0,0,0,0,0,0,0,0,0,0,0,0,0,0,0,0,0,0,0,0,0,0,0,0,0,0,0,0,0,0,0,0,0,0,0,0,0,0,0,0,0,0,0,0,0,0,0,0,0,483,36,0,0,0,0,0,0,0,0,0,0,0,0,0,0,0,0,0,0,2203,42,0,0,60,10,0,0,5889,14
jobovy_galpy,2012-08-14,2909cf9d05b3f043056a8b1e1440b329eec39b2b,59,0,0,0,0,0,0,0,0,0,0,0,0,0,0,0,0,0,0,0,0,0,0,0,0,0,0,0,0,0,0,0,0,0,0,0,0,0,0,0,0,0,0,0,0,0,0,0,0,0,0,0,0,0,0,0,0,0,0,0,0,0,0,520,37,0,0,0,0,0,0,0,0,0,0,0,0,0,0,0,0,0,0,2337,44,0,0,65,11,0,0,6235,15
jobovy_galpy,2012-09-13,30c9d38d5495dbff85dbf40657f15feaa689be74,59,0,0,0,0,0,0,0,0,0,0,0,0,0,0,0,0,0,0,0,0,0,0,0,0,0,0,0,0,0,0,0,0,0,0,0,0,0,0,0,0,0,0,0,0,0,0,0,0,0,0,0,0,0,0,0,0,0,0,0,0,0,0,522,38,0,0,0,0,0,0,0,0,0,0,0,0,0,0,0,0,0,0,2358,44,0,0,65,9,0,0,6266,15
jobovy_galpy,2012-10-22,aeae0c9ea92100128d328b8668c1b8ee30b758fb,60,0,0,0,0,0,0,0,0,0,0,0,0,0,0,0,0,0,0,0,0,0,0,0,0,0,0,0,0,0,0,0,0,0,0,0,0,0,0,0,0,0,0,0,0,0,0,0,0,0,0,0,0,0,0,0,0,0,0,0,0,0,0,523,37,0,0,0,0,0,0,0,0,0,0,0,0,0,0,0,0,0,0,2382,44,0,0,65,11,0,0,6307,16
jobovy_galpy,2012-11-27,aec1cf2e08549bc1bb2d9fc4abc268bdfa9eafe4,60,0,0,0,0,0,0,0,0,0,0,0,0,0,0,0,0,0,0,0,0,0,0,0,0,0,0,0,0,0,0,0,0,0,0,0,0,0,0,0,0,0,0,0,0,0,0,0,0,0,0,0,0,0,0,0,0,0,0,0,0,0,0,523,38,0,0,0,0,0,0,0,0,0,0,0,0,0,0,0,0,0,0,2382,44,0,0,65,10,0,0,6307,16
jobovy_galpy,2012-12-27,f20c9b228916555fb0f9682e8d6708235bae0134,64,0,0,0,0,0,0,0,0,0,0,0,0,0,0,0,0,0,0,0,0,0,0,0,0,0,0,0,0,0,0,0,0,0,0,0,0,0,0,0,0,0,0,0,0,0,0,0,0,0,0,0,0,0,0,0,0,0,0,0,0,0,0,569,42,0,0,0,0,0,0,0,0,0,0,0,0,0,0,0,0,0,0,2810,48,0,0,74,14,0,0,7133,16
jobovy_galpy,2013-01-27,a82d6a0f05363a608f36d0ed1bb70d19a98b96b4,66,0,0,0,0,0,0,0,0,0,0,0,0,0,0,0,0,0,0,0,0,0,0,0,0,0,0,0,0,0,0,0,0,0,0,0,0,0,0,0,0,0,0,0,0,0,0,0,0,0,0,0,0,0,0,0,0,0,0,0,0,0,0,586,42,0,0,0,0,0,0,0,0,0,0,0,0,0,0,0,0,0,0,2991,50,0,0,77,13,0,0,7528,16
jobovy_galpy,2013-02-28,815967438ae8719b210b0c134601fe2d5724d391,66,0,0,0,0,0,0,0,0,0,0,0,0,0,0,0,0,0,0,0,0,0,0,0,0,0,0,0,0,0,0,0,0,0,0,0,0,0,0,0,0,0,0,0,0,0,0,0,0,0,0,0,0,0,0,0,0,0,0,0,0,0,0,600,41,0,0,0,0,0,0,0,0,0,0,0,0,0,0,0,0,0,0,3147,51,0,0,77,13,0,0,7928,15
jobovy_galpy,2013-04-10,a8b0a413130d5de639f287fcc610d689fea05613,66,0,0,0,0,0,0,0,0,0,0,0,0,0,0,0,0,0,0,0,0,0,0,0,0,0,0,0,0,0,0,0,0,0,0,0,0,0,0,0,0,0,0,0,0,0,0,0,0,0,0,0,0,0,0,0,0,0,0,0,0,0,0,602,45,0,0,0,0,0,0,0,0,0,0,0,0,0,0,0,0,0,0,3153,50,0,0,77,12,0,0,7940,15
jobovy_galpy,2013-05-31,a699a0bd9c575ab164e4bc6d2e5f3555a7fac141,67,0,0,0,0,0,0,0,0,0,0,0,0,0,0,0,0,0,0,0,0,0,0,0,0,0,0,0,0,0,0,0,0,0,0,0,0,0,0,0,0,0,0,0,0,0,0,0,0,0,0,0,0,0,0,0,0,0,0,0,0,0,0,609,45,0,0,0,0,0,0,0,0,0,0,0,0,0,0,0,0,0,0,3191,52,0,0,78,14,0,0,8025,15
jobovy_galpy,2013-07-05,84c7369fa8974ab05f5183fc76cc6d58c820b45f,68,0,0,0,0,0,0,0,0,0,0,0,0,0,0,0,0,0,0,0,0,0,0,0,0,0,0,0,0,0,0,0,0,0,0,0,0,0,0,0,0,0,0,0,0,0,0,0,0,0,0,0,0,0,0,0,0,0,0,0,0,0,0,617,45,0,0,0,0,0,0,0,0,0,0,0,0,0,0,0,0,0,0,3203,53,0,0,78,12,0,0,8079,15
jobovy_galpy,2013-08-12,ea0660b19b6caae75c6365416ede38c69b18c2d7,68,0,0,0,0,0,0,0,0,0,0,0,0,0,0,0,0,0,0,0,0,0,0,0,0,0,0,0,0,0,0,0,0,0,0,0,0,0,0,0,0,0,0,0,0,0,0,0,0,0,0,0,0,0,0,0,0,0,0,0,0,0,0,617,46,0,0,0,0,0,0,0,0,0,0,0,0,0,0,0,0,0,0,3203,53,0,0,78,12,0,0,8079,15
jobovy_galpy,2013-09-11,fbd957246326355bad6998ad50a5c5cf196a528e,72,0,0,0,0,0,0,0,0,0,0,0,0,0,0,0,0,0,0,0,0,0,0,0,0,0,0,0,0,0,0,0,0,0,0,0,0,0,0,0,0,0,0,0,0,0,0,0,0,0,0,0,0,0,0,0,0,0,0,0,0,0,0,657,50,0,0,0,0,0,0,0,0,0,0,0,0,0,0,0,0,0,0,3547,57,0,0,85,13,0,0,8692,15
jobovy_galpy,2013-10-11,ecb08fd35d99530d4766a8dd2e04fed888a43d9e,73,0,0,0,0,0,0,0,0,0,0,0,0,0,0,0,0,0,0,0,0,0,0,0,0,0,0,0,0,0,0,0,0,0,0,0,0,0,0,0,0,0,0,0,0,0,0,0,0,0,0,0,0,0,0,0,0,0,0,0,0,0,0,666,51,0,0,0,0,0,0,0,0,0,0,0,0,0,0,0,0,0,0,3772,57,0,0,94,17,0,0,9033,15
jobovy_galpy,2013-11-11,d5543ff2ee0c8e0983769649ada987f780d6a194,73,0,0,0,0,0,0,0,0,0,0,0,0,0,0,0,0,0,0,0,0,0,0,0,0,0,0,0,0,0,0,0,0,0,0,0,0,0,0,0,0,0,0,0,0,0,0,0,0,0,0,0,0,0,0,0,0,0,0,0,0,0,0,666,51,0,0,0,0,0,0,0,0,0,0,0,0,0,0,0,0,0,0,3772,58,0,0,94,15,0,0,9037,15
jobovy_galpy,2013-12-12,2dcf4f9014e8567dfb02eee5a38dace15bbb7994,75,0,0,0,0,0,0,0,0,0,0,0,0,0,0,0,0,0,0,0,0,0,0,0,0,0,0,0,0,0,0,0,0,0,0,0,0,0,0,0,0,0,0,0,0,0,0,0,0,0,0,0,0,0,0,0,0,0,0,0,0,0,0,677,52,0,0,0,0,0,0,0,0,0,0,0,0,0,0,0,0,0,0,3950,59,0,0,94,17,0,0,9432,16
jobovy_galpy,2014-01-14,813043fe8cc9d89ee34405ab611955ff9c4e377d,74,0,0,0,0,0,0,0,0,0,0,0,0,0,0,0,0,0,0,0,0,0,0,0,0,0,0,0,0,0,0,0,0,0,0,0,0,0,0,0,0,0,0,0,0,0,0,0,0,0,0,0,0,0,0,0,0,0,0,0,0,0,0,718,52,0,0,0,0,0,0,0,0,0,0,0,0,0,0,0,0,0,0,4703,58,0,0,151,17,0,0,10642,15
jobovy_galpy,2014-02-14,20103e98b48b0be508e60a390ef4a6280b7384e9,74,0,0,0,0,0,0,0,0,0,0,0,0,0,0,0,0,0,0,0,0,0,0,0,0,0,0,0,0,0,0,0,0,0,0,0,0,0,0,0,0,0,0,0,0,0,0,0,0,0,0,0,0,0,0,0,0,0,0,0,0,0,0,725,49,0,0,0,0,0,0,0,0,0,0,0,0,0,0,0,0,0,0,4715,57,0,0,151,16,0,0,10681,15
jobovy_galpy,2014-03-23,844929949eb5e1b278c3552a0e2b43ae8be32645,74,0,0,0,0,0,0,0,0,0,0,0,0,0,0,0,0,0,0,0,0,0,0,0,0,0,0,0,0,0,0,0,0,0,0,0,0,0,0,0,0,0,0,0,0,0,0,0,0,0,0,0,0,0,0,0,0,0,0,0,0,0,0,725,51,0,0,0,0,0,0,0,0,0,0,0,0,0,0,0,0,0,0,4715,58,0,0,151,16,0,0,10697,15
jobovy_galpy,2014-05-02,fc6de555b2405378beff477834fba79e305d07af,75,0,0,0,0,0,0,0,0,0,0,0,0,0,0,0,0,0,0,0,0,0,0,0,0,0,0,0,0,0,0,0,0,0,0,0,0,0,0,0,0,0,0,0,0,0,0,0,0,0,0,0,0,0,0,0,0,0,0,0,0,0,0,724,53,0,0,0,0,0,0,0,0,0,0,0,0,0,0,0,0,0,0,4753,58,0,0,151,17,0,0,10762,16
jobovy_galpy,2014-06-01,f758930d5e208c0e98a4f3bd31f710858c2b7b93,79,0,0,0,0,0,0,0,0,0,0,0,0,0,0,0,0,0,0,0,0,0,0,0,0,0,0,0,0,0,0,0,0,0,0,0,0,0,0,0,0,0,0,0,0,0,0,0,0,0,0,0,0,0,0,0,0,0,0,0,0,0,0,854,54,0,0,0,0,0,0,0,0,0,0,0,0,0,0,0,0,0,0,5528,63,0,0,174,17,0,0,13378,15
jobovy_galpy,2014-07-01,840f0709c64cf2742bba280346ac683efc195bc1,82,0,0,0,0,0,0,0,0,0,0,0,0,0,0,0,0,0,0,0,0,0,0,0,0,0,0,0,0,0,0,0,0,0,0,0,0,0,0,0,0,0,0,0,0,0,0,0,0,0,0,0,0,0,0,0,0,0,0,0,0,0,0,906,56,0,0,0,0,0,0,0,0,0,0,0,0,0,0,0,0,0,0,5362,60,0,0,183,16,0,0,12316,21
jobovy_galpy,2014-08-04,5a0320b58d0b2de8fbc366864417feab27c65c57,83,0,0,0,0,0,0,0,0,0,0,0,0,0,0,0,0,0,0,0,0,0,0,0,0,0,0,0,0,0,0,0,0,0,0,0,0,0,0,0,0,0,0,0,0,0,0,0,0,0,0,0,0,0,0,0,0,0,0,0,0,0,0,1054,57,0,0,0,0,0,0,0,0,0,0,0,0,0,0,0,0,0,0,6346,63,0,0,183,17,0,0,15591,19
jobovy_galpy,2014-09-05,dda86696ce63dc706e13f65f4842365e691b6074,81,0,0,0,0,0,0,0,0,0,0,0,0,0,0,0,0,0,0,0,0,0,0,0,0,0,0,0,0,0,0,0,0,0,0,0,0,0,0,0,0,0,0,0,0,0,0,0,0,0,0,0,0,0,0,0,0,0,0,0,0,0,0,1062,54,0,0,0,0,0,0,0,0,0,0,0,0,0,0,0,0,0,0,6771,60,0,0,169,16,0,0,16294,20
jobovy_galpy,2014-10-29,043a6de0e2b7075df974a24ae21e6bf55202bf3f,83,0,0,0,0,0,0,0,0,0,0,0,0,0,0,0,0,0,0,0,0,0,0,0,0,0,0,0,0,0,0,0,0,0,0,0,0,0,0,0,0,0,0,0,0,0,0,0,0,0,0,0,0,0,0,0,0,0,0,0,0,0,0,1087,56,0,0,0,0,0,0,0,0,0,0,0,0,0,0,0,0,0,0,7005,61,0,0,173,16,0,0,16730,21
jobovy_galpy,2014-12-01,da977a66fa2f3ed64a15ac7bb7640be65802a32f,85,0,0,0,0,0,0,0,0,0,0,0,0,0,0,0,0,0,0,0,0,0,0,0,0,0,0,0,0,0,0,0,0,0,0,0,0,0,0,0,0,0,0,0,0,0,0,0,0,0,0,0,0,0,0,0,0,0,0,0,0,0,0,1107,60,0,0,0,0,0,0,0,0,0,0,0,0,0,0,0,0,0,0,7123,62,0,0,175,15,0,0,16983,22
jobovy_galpy,2014-12-31,238865b8f9013e351570dfe4b5e08f81f5ce1388,85,0,0,0,0,0,0,0,0,0,0,0,0,0,0,0,0,0,0,0,0,0,0,0,0,0,0,0,0,0,0,0,0,0,0,0,0,0,0,0,0,0,0,0,0,0,0,0,0,0,0,0,0,0,0,0,0,0,0,0,0,0,0,1130,59,0,0,0,0,0,0,0,0,0,0,0,0,0,0,0,0,0,0,7347,63,0,0,193,15,0,0,17409,21
jobovy_galpy,2015-02-04,fccc52aa334e14a970160b1e7d29437d73b5e8ce,83,0,0,0,0,0,0,0,0,0,0,0,0,0,0,0,0,0,0,0,0,0,0,0,0,0,0,0,0,0,0,0,0,0,0,0,0,0,0,0,0,0,0,0,0,0,0,0,0,0,0,0,0,0,0,0,0,0,0,0,0,0,0,1087,55,0,0,0,0,0,0,0,0,0,0,0,0,0,0,0,0,0,0,7008,61,0,0,173,15,0,0,16733,21
jobovy_galpy,2015-03-20,8eee3e29b081714c8ffea6bdb604bf8134e5b077,87,0,0,0,0,0,0,0,0,0,0,0,0,0,0,0,0,0,0,0,0,0,0,0,0,0,0,0,0,0,0,0,0,0,0,0,0,0,0,0,0,0,0,0,0,0,0,0,0,0,0,0,0,0,0,0,0,0,0,0,0,0,0,1616,80,0,0,0,0,0,0,0,0,0,0,0,0,0,0,0,0,0,0,9765,85,0,0,261,27,0,0,23352,1
jobovy_galpy,2015-04-30,99d036ab35b8ed1903bd47a3eb5ba65d1875190f,88,0,0,0,0,0,0,0,0,0,0,0,0,0,0,0,0,0,0,0,0,0,0,0,0,0,0,0,0,0,0,0,0,0,0,0,0,0,0,0,0,0,0,0,0,0,0,0,0,0,0,0,0,0,0,0,0,0,0,0,0,0,0,1633,81,0,0,0,0,0,0,0,0,0,0,0,0,0,0,0,0,0,0,9767,86,0,0,266,31,0,0,23454,1
jobovy_galpy,2015-06-02,75cea114e70edc870dbab86d294c9f6b38859de3,87,0,0,0,0,0,0,0,0,0,0,0,0,0,0,0,0,0,0,0,0,0,0,0,0,0,0,0,0,0,0,0,0,0,0,0,0,0,0,0,0,0,0,0,0,0,0,0,0,0,0,0,0,0,0,0,0,0,0,0,0,0,0,1633,82,0,0,0,0,0,0,0,0,0,0,0,0,0,0,0,0,0,0,9746,85,0,0,265,29,0,0,23435,1
jobovy_galpy,2015-07-13,0c2b6c0e4d9d1b078dc7d41ef4b81e7d91dfdfda,90,0,0,0,0,0,0,0,0,0,0,0,0,0,0,0,0,0,0,0,0,0,0,0,0,0,0,0,0,0,0,0,0,0,0,0,0,0,0,0,0,0,0,0,0,0,0,0,0,0,0,0,0,0,0,0,0,0,0,0,0,0,0,1673,85,0,0,0,0,0,0,0,0,0,0,0,0,0,0,0,0,0,0,10082,87,0,0,266,31,0,0,24026,1
jobovy_galpy,2015-08-16,6d1c73158dde8d5db6291e7dd7fd868096746f7c,92,0,0,0,0,0,0,0,0,0,0,0,0,0,0,0,0,0,0,0,0,0,0,0,0,0,0,0,0,0,0,0,0,0,0,0,0,0,0,0,0,0,0,0,0,0,0,0,0,0,0,0,0,0,0,0,0,0,0,0,0,0,0,1713,86,0,0,0,0,0,0,0,0,0,0,0,0,0,0,0,0,0,0,10385,90,0,0,278,31,0,0,24593,1
jobovy_galpy,2015-09-16,de4c3ebfd7d8ef2a3b9168a1c6a2e2ed5355bf63,92,0,0,0,0,0,0,0,0,0,0,0,0,0,0,0,0,0,0,0,0,0,0,0,0,0,0,0,0,0,0,0,0,0,0,0,0,0,0,0,0,0,0,0,0,0,0,0,0,0,0,0,0,0,0,0,0,0,0,0,0,0,0,1728,84,0,0,0,0,0,0,0,0,0,0,0,0,0,0,0,0,0,0,10539,90,0,0,280,32,0,0,24831,1
jobovy_galpy,2015-10-28,a07db73bae6a83bf69acd6e7be690677d89aa38d,92,0,0,0,0,0,0,0,0,0,0,0,0,0,0,0,0,0,0,0,0,0,0,0,0,0,0,0,0,0,0,0,0,0,0,0,0,0,0,0,0,0,0,0,0,0,0,0,0,0,0,0,0,0,0,0,0,0,0,0,0,0,0,1746,84,0,0,0,0,0,0,0,0,0,0,0,0,0,0,0,0,0,0,10610,90,0,0,280,31,0,0,25052,1
jobovy_galpy,2015-11-30,6a5150f0cc3487a40fa9f32901e6124aa210596b,93,0,0,0,0,0,0,0,0,0,0,0,0,0,0,0,0,0,0,0,0,0,0,0,0,0,0,0,0,0,0,0,0,0,0,0,0,0,0,0,0,0,0,0,0,0,0,0,0,0,0,0,0,0,0,0,0,0,0,0,0,0,0,1753,87,0,0,0,0,0,0,0,0,0,0,0,0,0,0,0,0,0,0,10680,91,0,0,285,32,0,0,25193,1
jobovy_galpy,2015-12-30,c704c3ebe0b968ddc2347b813b07dec57056747f,94,0,0,0,0,0,0,0,0,0,0,0,0,0,0,0,0,0,0,0,0,0,0,0,0,0,0,0,0,0,0,0,0,0,0,0,0,0,0,0,0,0,0,0,0,0,0,0,0,0,0,0,0,0,0,0,0,0,0,0,0,0,0,1780,87,0,0,0,0,0,0,0,0,0,0,0,0,0,0,0,0,0,0,10846,92,0,0,296,31,0,0,25512,1
jobovy_galpy,2016-01-30,960a56faf3f9c5dff70f24bc8b56a05252af61b8,94,0,0,0,0,0,0,0,0,0,0,0,0,0,0,0,0,0,0,0,0,0,0,0,0,0,0,0,0,0,0,0,0,0,0,0,0,0,0,0,0,0,0,0,0,0,0,0,0,0,0,0,0,0,0,0,0,0,0,0,0,0,0,1784,88,0,0,0,0,0,0,0,0,0,0,0,0,0,0,0,0,0,0,10897,92,0,0,294,31,0,0,25649,1
jobovy_galpy,2016-03-01,622b18c48d3c6dbd760b666060441a4a4efae768,97,0,0,0,0,0,0,0,0,0,0,0,0,0,0,0,0,0,0,0,0,0,0,0,0,0,0,0,0,0,0,0,0,0,0,0,0,0,0,0,0,0,0,0,0,0,0,0,0,0,0,0,0,0,0,0,0,0,0,0,0,0,0,1920,88,0,0,0,0,0,0,0,0,0,0,0,0,0,0,0,0,0,0,11673,95,0,0,308,41,0,0,28921,1
jobovy_galpy,2016-04-04,51795894976bcbdf5debf33f099ba9533c270424,94,0,0,0,0,0,0,0,0,0,0,0,0,0,0,0,0,0,0,0,0,0,0,0,0,0,0,0,0,0,0,0,0,0,0,0,0,0,0,0,0,0,0,0,0,0,0,0,0,0,0,0,0,0,0,0,0,0,0,0,0,0,0,1773,89,0,0,0,0,0,0,0,0,0,0,0,0,0,0,0,0,0,0,10819,92,0,0,286,31,0,0,25487,1
jobovy_galpy,2016-05-06,51d472155f24a6b769bb64bda3e98c9dd7926b2c,94,0,0,0,0,0,0,0,0,0,0,0,0,0,0,0,0,0,0,0,0,0,0,0,0,0,0,0,0,0,0,0,0,0,0,0,0,0,0,0,0,0,0,0,0,0,0,0,0,0,0,0,0,0,0,0,0,0,0,0,0,0,0,1822,88,0,0,0,0,0,0,0,0,0,0,0,0,0,0,0,0,0,0,11021,92,0,0,296,36,0,0,25963,1
jobovy_galpy,2016-06-07,322a989ce7a8f30536bb97c175c00d5e6ec68e8b,99,0,0,0,0,0,0,0,0,0,0,0,0,0,0,0,0,0,0,0,0,0,0,0,0,0,0,0,0,0,0,0,0,0,0,0,0,0,0,0,0,0,0,0,0,0,0,0,0,0,0,0,0,0,0,0,0,0,0,0,0,0,0,2088,87,0,0,0,0,0,0,0,0,0,0,0,0,0,0,0,0,0,0,12573,97,0,0,325,41,0,0,31695,1
jobovy_galpy,2016-07-07,70223b35472818525cf8e17a6c12dda37f155624,100,0,0,0,0,0,0,0,0,0,0,0,0,0,0,0,0,0,0,0,0,0,0,0,0,0,0,0,0,0,0,0,0,0,0,0,0,0,0,0,0,0,0,0,0,0,0,0,0,0,0,0,0,0,0,0,0,0,0,0,0,0,0,2133,96,0,0,0,0,0,0,0,0,0,0,0,0,0,0,0,0,0,0,12690,98,0,0,334,42,0,0,31995,1
jobovy_galpy,2016-08-11,c19d9276a165e58a71a17870f2166223ce64ba6f,102,0,0,0,0,0,0,0,0,0,0,0,0,0,0,0,0,0,0,0,0,0,0,0,0,0,0,0,0,0,0,0,0,0,0,0,0,0,0,0,0,0,0,0,0,0,0,0,0,0,0,0,0,0,0,0,0,0,0,0,0,0,0,2182,94,0,0,0,0,0,0,0,0,0,0,0,0,0,0,0,0,0,0,13221,100,0,0,341,43,0,0,33300,1
jobovy_galpy,2016-09-18,f720a07743cbc0b95d210c1904382b7d409fe40a,104,0,0,0,0,0,0,0,0,0,0,0,0,0,0,0,0,0,0,0,0,0,0,0,0,0,0,0,0,0,0,0,0,0,0,0,0,0,0,0,0,0,0,0,0,0,0,0,0,0,0,0,0,0,0,0,0,0,0,0,0,0,0,2276,96,0,0,0,0,0,0,0,0,0,0,0,0,0,0,0,0,0,0,13621,102,0,0,345,42,0,0,34123,1
jobovy_galpy,2016-10-24,2eb7a72344917e4260592850ba928fb5adfc555c,104,0,0,0,0,0,0,0,0,0,0,0,0,0,0,0,0,0,0,0,0,0,0,0,0,0,0,0,0,0,0,0,0,0,0,0,0,0,0,0,0,0,0,0,0,0,0,0,0,0,0,0,0,0,0,0,0,0,0,0,0,0,0,2276,95,0,0,0,0,0,0,0,0,0,0,0,0,0,0,0,0,0,0,13626,102,0,0,345,43,0,0,34134,1
jobovy_galpy,2016-11-24,6a68ebb7cfc4edfe3c19b53a6e29172e36cad096,106,0,0,0,0,0,0,0,0,0,0,0,0,0,0,0,0,0,0,0,0,0,0,0,0,0,0,0,0,0,0,0,0,0,0,0,0,0,0,0,0,0,0,0,0,0,0,0,0,0,0,0,0,0,0,0,0,0,0,0,0,0,0,2326,96,0,0,0,0,0,0,0,0,0,0,0,0,0,0,0,0,0,0,13833,104,0,0,348,44,0,0,34598,1
jobovy_galpy,2016-12-26,8235ec125869d232dc8d6c9bffa3a1965be48f66,107,0,0,0,0,0,0,0,0,0,0,0,0,0,0,0,0,0,0,0,0,0,0,0,0,0,0,0,0,0,0,0,0,0,0,0,0,0,0,0,0,0,0,0,0,0,0,0,0,0,0,0,0,0,0,0,0,0,0,0,0,0,0,2340,97,0,0,0,0,0,0,0,0,0,0,0,0,0,0,0,0,0,0,13906,105,0,0,348,42,0,0,34874,1
jobovy_galpy,2017-02-07,ef7f781777695e92cd3aa06d388a3ab4da0cb8d6,107,0,0,0,0,0,0,0,0,0,0,0,0,0,0,0,0,0,0,0,0,0,0,0,0,0,0,0,0,0,0,0,0,0,0,0,0,0,0,0,0,0,0,0,0,0,0,0,0,0,0,0,0,0,0,0,0,0,0,0,0,0,0,2355,99,0,0,0,0,0,0,0,0,0,0,0,0,0,0,0,0,0,0,13998,105,0,0,358,41,0,0,35102,1
jobovy_galpy,2017-03-15,cbd79bc8bb28f54e95ebd02c494fb4015c342403,107,0,0,0,0,0,0,0,0,0,0,0,0,0,0,0,0,0,0,0,0,0,0,0,0,0,0,0,0,0,0,0,0,0,0,0,0,0,0,0,0,0,0,0,0,0,0,0,0,0,0,0,0,0,0,0,0,0,0,0,0,0,0,2356,100,0,0,0,0,0,0,0,0,0,0,0,0,0,0,0,0,0,0,14006,104,0,0,358,46,0,0,35113,1
jobovy_galpy,2017-05-01,914f05433117832c6b8955d006a556037a26896e,107,0,0,0,0,0,0,0,0,0,0,0,0,0,0,0,0,0,0,0,0,0,0,0,0,0,0,0,0,0,0,0,0,0,0,0,0,0,0,0,0,0,0,0,0,0,0,0,0,0,0,0,0,0,0,0,0,0,0,0,0,0,0,2356,101,0,0,0,0,0,0,0,0,0,0,0,0,0,0,0,0,0,0,14006,105,0,0,358,43,0,0,35113,1
jobovy_galpy,2017-06-02,1b9412fa5cfe8b0496fc9116a4b5926aee119717,108,0,0,0,0,0,0,0,0,0,0,0,0,0,0,0,0,0,0,0,0,0,0,0,0,0,0,0,0,0,0,0,0,0,0,0,0,0,0,0,0,0,0,0,0,0,0,0,0,0,0,0,0,0,0,0,0,0,0,0,0,0,0,2382,101,0,0,0,0,0,0,0,0,0,0,0,0,0,0,0,0,0,0,14140,105,0,0,358,39,0,0,35430,1
jobovy_galpy,2017-07-03,41542e22910e97ea5355a2a0f76c51c901f4e666,109,0,0,0,0,0,0,0,0,0,0,0,0,0,0,0,0,0,0,0,0,0,0,0,0,0,0,0,0,0,0,0,0,0,0,0,0,0,0,0,0,0,0,0,0,0,0,0,0,0,0,0,0,0,0,0,0,0,0,0,0,0,0,2383,100,0,0,0,0,0,0,0,0,0,0,0,0,0,0,0,0,0,0,14087,107,0,0,363,41,0,0,35544,1
jobovy_galpy,2017-08-22,4e616e76225a20d216586aa59441b9b159dbf460,111,0,0,0,0,0,0,0,0,0,0,0,0,0,0,0,0,0,0,0,0,0,0,0,0,0,0,0,0,0,0,0,0,0,0,0,0,0,0,0,0,0,0,0,0,0,0,0,0,0,0,0,0,0,0,0,0,0,0,0,0,0,0,2441,104,0,0,0,0,0,0,0,0,0,0,0,0,0,0,0,0,0,0,14451,109,0,0,366,42,0,0,36534,1
jobovy_galpy,2017-09-24,2f3be588666fd2565956125841f10c96fd0df8dd,112,0,0,0,0,0,0,0,0,0,0,0,0,0,0,0,0,0,0,0,0,0,0,0,0,0,0,0,0,0,0,0,0,0,0,0,0,0,0,0,0,0,0,0,0,0,0,0,0,0,0,0,0,0,0,0,0,0,0,0,0,0,0,2474,104,0,0,0,0,0,0,0,0,0,0,0,0,0,0,0,0,0,0,14646,109,0,0,367,43,0,0,37019,1
jobovy_galpy,2017-10-25,ada32fd3a03bd890fa4f7af6ecdf93560252668b,113,0,0,0,0,0,0,0,0,0,0,0,0,0,0,0,0,0,0,0,0,0,0,0,0,0,0,0,0,0,0,0,0,0,0,0,0,0,0,0,0,0,0,0,0,0,0,0,0,0,0,0,0,0,0,0,0,0,0,0,0,0,0,2495,103,0,0,0,0,0,0,0,0,0,0,0,0,0,0,0,0,0,0,14777,112,0,0,369,47,0,0,37361,1
jobovy_galpy,2017-11-29,512cf12d0b88a684253609030e4b0b93a060c38e,113,0,0,0,0,0,0,0,0,0,0,0,0,0,0,0,0,0,0,0,0,0,0,0,0,0,0,0,0,0,0,0,0,0,0,0,0,0,0,0,0,0,0,0,0,0,0,0,0,0,0,0,0,0,0,0,0,0,0,0,0,0,0,2510,103,0,0,0,0,0,0,0,0,0,0,0,0,0,0,0,0,0,0,14881,111,0,0,369,45,0,0,37663,1
jobovy_galpy,2017-12-29,fc1487505b939fe10d09e199f6c3d1920d3f0df6,113,0,0,0,0,0,0,0,0,0,0,0,0,0,0,0,0,0,0,0,0,0,0,0,0,0,0,0,0,0,0,0,0,0,0,0,0,0,0,0,0,0,0,0,0,0,0,0,0,0,0,0,0,0,0,0,0,0,0,0,0,0,0,2555,107,0,0,0,0,0,0,0,0,0,0,0,0,0,0,0,0,0,0,15418,111,0,0,377,45,0,0,38749,1
jobovy_galpy,2018-02-02,18377e68b26a098db7447617b6b71ac6dfb16cf3,114,0,0,0,0,0,0,0,0,0,0,0,0,0,0,0,0,0,0,0,0,0,0,0,0,0,0,0,0,0,0,0,0,0,0,0,0,0,0,0,0,0,0,0,0,0,0,0,0,0,0,0,0,0,0,0,0,0,0,0,0,0,0,2567,106,0,0,0,0,0,0,0,0,0,0,0,0,0,0,0,0,0,0,15517,112,0,0,378,45,0,0,39000,1
jobovy_galpy,2018-03-06,e91b93c69cf83ac7292d0c4fc11ceb86d9fb7639,115,0,0,0,0,0,0,0,0,0,0,0,0,0,0,0,0,0,0,0,0,0,0,0,0,0,0,0,0,0,0,0,0,0,0,0,0,0,0,0,0,0,0,0,0,0,0,0,0,0,0,0,0,0,0,0,0,0,0,0,0,0,0,2566,110,0,0,0,0,0,0,0,0,0,0,0,0,0,0,0,0,0,0,15527,112,0,0,378,48,0,0,39033,1
jobovy_galpy,2018-04-09,7d8c08e89cb08af9d26fd790b68beb368b971a7e,117,0,0,0,0,0,0,0,0,0,0,0,0,0,0,0,0,0,0,0,0,0,0,0,0,0,0,0,0,0,0,0,0,0,0,0,0,0,0,0,0,0,0,0,0,0,0,0,0,0,0,0,0,0,0,0,0,0,0,0,0,0,0,2596,106,0,0,0,0,0,0,0,0,0,0,0,0,0,0,0,0,0,0,15709,114,0,0,381,47,0,0,39479,1
jobovy_galpy,2018-05-11,933659a372b30f68e00fdd4640d6a623609a8f96,115,0,0,0,0,0,0,0,0,0,0,0,0,0,0,0,0,0,0,0,0,0,0,0,0,0,0,0,0,0,0,0,0,0,0,0,0,0,0,0,0,0,0,0,0,0,0,0,0,0,0,0,0,0,0,0,0,0,0,0,0,0,0,2596,109,0,0,0,0,0,0,0,0,0,0,0,0,0,0,0,0,0,0,15874,113,0,0,383,42,0,0,39778,1
jobovy_galpy,2018-06-18,1332f0d3430580ef020a60649f0e00c376224c98,117,0,0,0,0,0,0,0,0,0,0,0,0,0,0,0,0,0,0,0,0,0,0,0,0,0,0,0,0,0,0,0,0,0,0,0,0,0,0,0,0,0,0,0,0,0,0,0,0,0,0,0,0,0,0,0,0,0,0,0,0,0,0,2616,106,0,0,0,0,0,0,0,0,0,0,0,0,0,0,0,0,0,0,15918,114,0,0,383,44,0,0,39942,1
jobovy_galpy,2018-07-19,699e0d5819e949713b4424756e0a96dc30e9e362,117,0,0,0,0,0,0,0,0,0,0,0,0,0,0,0,0,0,0,0,0,0,0,0,0,0,0,0,0,0,0,0,0,0,0,0,0,0,0,0,0,0,0,0,0,0,0,0,0,0,0,0,0,0,0,0,0,0,0,0,0,0,0,2616,109,0,0,0,0,0,0,0,0,0,0,0,0,0,0,0,0,0,0,15935,116,0,0,383,43,0,0,40005,1
jobovy_galpy,2018-08-19,2c8346f09fb01e90f1cdf28d1cea8afe3a9311bc,121,0,0,0,0,0,0,0,0,0,0,0,0,0,0,0,0,0,0,0,0,0,0,0,0,0,0,0,0,0,0,0,0,0,0,0,0,0,0,0,0,0,0,0,0,0,0,0,0,0,0,0,0,0,0,0,0,0,0,0,0,0,0,2685,120,0,0,0,0,0,0,0,0,0,0,0,0,0,0,0,0,0,0,16013,119,0,0,396,50,0,0,40554,1
jobovy_galpy,2018-10-05,ed413e2c4a08d9798813c00b08a5f912a6a911ab,121,0,0,0,0,0,0,0,0,0,0,0,0,0,0,0,0,0,0,0,0,0,0,0,0,0,0,0,0,0,0,0,0,0,0,0,0,0,0,0,0,0,0,0,0,0,0,0,0,0,0,0,0,0,0,0,0,0,0,0,0,0,0,2719,118,0,0,0,0,0,0,0,0,0,0,0,0,0,0,0,0,0,0,16211,119,0,0,399,48,0,0,41077,1
jobovy_galpy,2018-11-04,ac0257c918acbce12fe09c422e6b794ad86e597d,121,0,0,0,0,0,0,0,0,0,0,0,0,0,0,0,0,0,0,0,0,0,0,0,0,0,0,0,0,0,0,0,0,0,0,0,0,0,0,0,0,0,0,0,0,0,0,0,0,0,0,0,0,0,0,0,0,0,0,0,0,0,0,2724,115,0,0,0,0,0,0,0,0,0,0,0,0,0,0,0,0,0,0,16328,119,0,0,401,55,0,0,41379,1
jobovy_galpy,2018-12-16,94bd4f4463296f1f2b53e2779eb9e871773c18e8,122,0,0,0,0,0,0,0,0,0,0,0,0,0,0,0,0,0,0,0,0,0,0,0,0,0,0,0,0,0,0,0,0,0,0,0,0,0,0,0,0,0,0,0,0,0,0,0,0,0,0,0,0,0,0,0,0,0,0,0,0,0,0,2730,114,0,0,0,0,0,0,0,0,0,0,0,0,0,0,0,0,0,0,16603,120,0,0,403,52,0,0,41706,1
jobovy_galpy,2019-01-18,2ca158c34f603498a2c016e67a3c707d3b050f5f,122,0,0,0,0,0,0,0,0,0,0,0,0,0,0,0,0,0,0,0,0,0,0,0,0,0,0,0,0,0,0,0,0,0,0,0,0,0,0,0,0,0,0,0,0,0,0,0,0,0,0,0,0,0,0,0,0,0,0,0,0,0,0,2730,120,0,0,0,0,0,0,0,0,0,0,0,0,0,0,0,0,0,0,16603,120,0,0,403,52,0,0,41706,1
jobovy_galpy,2019-02-18,23b2318190d6b5cef316de2fe8c0cb947bc1f580,125,0,0,0,0,0,0,0,0,0,0,0,0,0,0,0,0,0,0,0,0,0,0,0,0,0,0,0,0,0,0,0,0,0,0,0,0,0,0,0,0,0,0,0,0,0,0,0,0,0,0,0,0,0,0,0,0,0,0,0,0,0,0,2788,121,0,0,0,0,0,0,0,0,0,0,0,0,0,0,0,0,0,0,16872,122,0,0,408,56,0,0,42632,1
jobovy_galpy,2019-03-21,7c4d64c19bb72b07bb6a81db06b73e167dea63f6,125,0,0,0,0,0,0,0,0,0,0,0,0,0,0,0,0,0,0,0,0,0,0,0,0,0,0,0,0,0,0,0,0,0,0,0,0,0,0,0,0,0,0,0,0,0,0,0,0,0,0,0,0,0,0,0,0,0,0,0,0,0,0,2939,119,0,0,0,0,0,0,0,0,0,0,0,0,0,0,0,0,0,0,17463,123,0,0,432,50,0,0,45696,1
jobovy_galpy,2019-04-26,b6c5d9e55ff1087e372a7b07b019b8f9f0c457b4,123,0,0,0,0,0,0,0,0,0,0,0,0,0,0,0,0,0,0,0,0,0,0,0,0,0,0,0,0,0,0,0,0,0,0,0,0,0,0,0,0,0,0,0,0,0,0,0,0,0,0,0,0,0,0,0,0,0,0,0,0,0,0,2765,117,0,0,0,0,0,0,0,0,0,0,0,0,0,0,0,0,0,0,16471,121,0,0,408,56,0,0,41658,1
jobovy_galpy,2019-05-28,fc9be760997dfadada86d76d4612e8d4bb8886a4,125,0,0,0,0,0,0,0,0,0,0,0,0,0,0,0,0,0,0,0,0,0,0,0,0,0,0,0,0,0,0,0,0,0,0,0,0,0,0,0,0,0,0,0,0,0,0,0,0,0,0,0,0,0,0,0,0,0,0,0,0,0,0,2985,120,0,0,0,0,0,0,0,0,0,0,0,0,0,0,0,0,0,0,17842,123,0,0,446,56,0,0,46417,1
jobovy_galpy,2019-06-28,db9b1e74e37c5da8dfd7903ea396364dc074a910,119,0,0,0,0,0,0,0,0,0,0,0,0,0,0,0,0,0,0,0,0,0,0,0,0,0,0,0,0,0,0,0,0,0,0,0,0,0,0,0,0,0,0,0,0,0,0,0,0,0,0,0,0,0,0,0,0,0,0,0,0,0,0,2767,111,0,0,0,0,0,0,0,0,0,0,0,0,0,0,0,0,0,0,17038,115,0,0,432,49,0,0,44011,1
jobovy_galpy,2019-07-28,d10692486e851ba1e4c31d485f1d321131506792,120,0,0,0,0,0,0,0,0,0,0,0,0,0,0,0,0,0,0,0,0,0,0,0,0,0,0,0,0,0,0,0,0,0,0,0,0,0,0,0,0,0,0,0,0,0,0,0,0,0,0,0,0,0,0,0,0,0,0,0,0,0,0,2769,115,0,0,0,0,0,0,0,0,0,0,0,0,0,0,0,0,0,0,17220,117,0,0,440,52,0,0,44300,1
jobovy_galpy,2019-08-28,5f971f9c9334bc9c1da75aee3f8d53a8154d47e0,126,0,0,0,0,0,0,0,0,0,0,0,0,0,0,0,0,0,0,0,0,0,0,0,0,0,0,0,0,0,0,0,0,0,0,0,0,0,0,0,0,0,0,0,0,0,0,0,0,0,0,0,0,0,0,0,0,0,0,0,0,0,0,2830,124,0,0,0,0,0,0,0,0,0,0,0,0,0,0,0,0,0,0,17507,123,0,0,446,50,0,0,45011,1
jobovy_galpy,2019-10-08,a5bcb6d833f5b3835fda1c9254f9524ec20faa16,128,0,0,0,0,0,0,0,0,0,0,0,0,0,0,0,0,0,0,0,0,0,0,0,0,0,0,0,0,0,0,0,0,0,0,0,0,0,0,0,0,0,0,0,0,0,0,0,0,0,0,0,0,0,0,0,0,0,0,0,0,0,0,2846,125,0,0,0,0,0,0,0,0,0,0,0,0,0,0,0,0,0,0,17584,127,0,0,449,56,0,0,45209,1
jobovy_galpy,2019-11-07,a27c523e326a31354bb85e131ce5364d50402b63,128,0,0,0,0,0,0,0,0,0,0,0,0,0,0,0,0,0,0,0,0,0,0,0,0,0,0,0,0,0,0,0,0,0,0,0,0,0,0,0,0,0,0,0,0,0,0,0,0,0,0,0,0,0,0,0,0,0,0,0,0,0,0,2844,125,0,0,0,0,0,0,0,0,0,0,0,0,0,0,0,0,0,0,17597,125,0,0,449,58,0,0,45208,1
jobovy_galpy,2019-12-13,8d04972347f8d0282423476b8308bd89d4a4a15d,128,0,0,0,0,0,0,0,0,0,0,0,0,0,0,0,0,0,0,0,0,0,0,0,0,0,0,0,0,0,0,0,0,0,0,0,0,0,0,0,0,0,0,0,0,0,0,0,0,0,0,0,0,0,0,0,0,0,0,0,0,0,0,2864,120,0,0,0,0,0,0,0,0,0,0,0,0,0,0,0,0,0,0,17685,127,0,0,449,54,0,0,45381,1
jobovy_galpy,2020-01-13,f3b8c73e12f7321718ce3ee73e485ea9c483a7e2,129,0,0,0,0,0,0,0,0,0,0,0,0,0,0,0,0,0,0,0,0,0,0,0,0,0,0,0,0,0,0,0,0,0,0,0,0,0,0,0,0,0,0,0,0,0,0,0,0,0,0,0,0,0,0,0,0,0,0,0,0,0,0,2876,123,0,0,0,0,0,0,0,0,0,0,0,0,0,0,0,0,0,0,17717,127,0,0,449,57,0,0,45500,1
jobovy_galpy,2020-03-08,01db3bab2e943209a6bb3e2e822a506668ec1322,129,0,0,0,0,0,0,0,0,0,0,0,0,0,0,0,0,0,0,0,0,0,0,0,0,0,0,0,0,0,0,0,0,0,0,0,0,0,0,0,0,0,0,0,0,0,0,0,0,0,0,0,0,0,0,0,0,0,0,0,0,0,0,2878,126,0,0,0,0,0,0,0,0,0,0,0,0,0,0,0,0,0,0,17712,127,0,0,443,56,0,0,45504,1
jobovy_galpy,2020-04-07,a1c40530509db759e5a11450ba1f7241a6b94658,130,0,0,0,0,0,0,0,0,0,0,0,0,0,0,0,0,0,0,0,0,0,0,0,0,0,0,0,0,0,0,0,0,0,0,0,0,0,0,0,0,0,0,0,0,0,0,0,0,0,0,0,0,0,0,0,0,0,0,0,0,0,0,2881,126,0,0,0,0,0,0,0,0,0,0,0,0,0,0,0,0,0,0,17674,129,0,0,443,56,0,0,45436,1
jobovy_galpy,2020-05-10,af1e28db245a68e94e9e04b188611b9b051e92ac,135,0,0,0,0,0,0,0,0,0,0,0,0,0,0,0,0,0,0,0,0,0,0,0,0,0,0,0,0,0,0,0,0,0,0,0,0,0,0,0,0,0,0,0,0,0,0,0,0,0,0,0,0,0,0,0,0,0,0,0,0,0,0,2937,130,0,0,0,0,0,0,0,0,0,0,0,0,0,0,0,0,0,0,18195,133,0,0,448,54,0,0,46726,1
jobovy_galpy,2020-06-12,00a84c98568c59ca04937b50be3618ba6d489a74,166,0,0,0,0,0,0,0,0,0,0,0,0,0,0,0,0,0,0,0,0,0,0,0,0,0,0,0,0,0,0,0,0,0,0,0,0,0,0,0,0,0,0,0,0,0,0,0,0,0,0,0,0,0,0,0,0,0,0,0,0,0,0,3471,159,0,0,0,0,0,0,0,0,0,0,0,0,0,0,0,0,0,0,20645,161,0,0,527,75,0,0,52668,1
jobovy_galpy,2020-07-13,3202b86229ea4c8ae97f865c6115ac5c48074473,137,0,0,0,0,0,0,0,0,0,0,0,0,0,0,0,0,0,0,0,0,0,0,0,0,0,0,0,0,0,0,0,0,0,0,0,0,0,0,0,0,0,0,0,0,0,0,0,0,0,0,0,0,0,0,0,0,0,0,0,0,0,0,2944,135,0,0,0,0,0,0,0,0,0,0,0,0,0,0,0,0,0,0,18204,133,0,0,448,57,0,0,46769,1
jobovy_galpy,2020-08-12,bf0d6965ea72ff3a39d138d80d09511dfd3b838c,141,0,0,0,0,0,0,0,0,0,0,0,0,0,0,0,0,0,0,0,0,0,0,0,0,0,0,0,0,0,0,0,0,0,0,0,0,0,0,0,0,0,0,0,0,0,0,0,0,0,0,0,0,0,0,0,0,0,0,0,0,0,0,2966,136,0,0,0,0,0,0,0,0,0,0,0,0,0,0,0,0,0,0,18332,136,0,0,450,60,0,0,47029,1
jobovy_galpy,2020-09-14,2c1599b27b5f704dc57fdae838efa96fe49401a4,149,0,0,0,0,0,0,0,0,0,0,0,0,0,0,0,0,0,0,0,0,0,0,0,0,0,0,0,0,0,0,0,0,0,0,0,0,0,0,0,0,0,0,0,0,0,0,0,0,0,0,0,0,0,0,0,0,0,0,0,0,0,0,3087,144,0,0,0,0,0,0,0,0,0,0,0,0,0,0,0,0,0,0,18687,144,0,0,453,57,0,0,47881,1
jobovy_galpy,2020-10-21,c54e7b929da3e3a868005a6ed157e6588766480a,150,0,0,0,0,0,0,0,0,0,0,0,0,0,0,0,0,0,0,0,0,0,0,0,0,0,0,0,0,0,0,0,0,0,0,0,0,0,0,0,0,0,0,0,0,0,0,0,0,0,0,0,0,0,0,0,0,0,0,0,0,0,0,3101,142,0,0,0,0,0,0,0,0,0,0,0,0,0,0,0,0,0,0,18731,145,0,0,454,57,0,0,47997,1
jobovy_galpy,2020-11-23,82b24474819003291baa85c0bcb91bf6cb92fb4e,152,0,0,0,0,0,0,0,0,0,0,0,0,0,0,0,0,0,0,0,0,0,0,0,0,0,0,0,0,0,0,0,0,0,0,0,0,0,0,0,0,0,0,0,0,0,0,0,0,0,0,0,0,0,0,0,0,0,0,0,0,0,0,3125,143,0,0,0,0,0,0,0,0,0,0,0,0,0,0,0,0,0,0,18862,148,0,0,456,64,0,0,48399,1
jobovy_galpy,2020-12-24,649f33bcff55b3cb6667773b38cc593019df8889,152,0,0,0,0,0,0,0,0,0,0,0,0,0,0,0,0,0,0,0,0,0,0,0,0,0,0,0,0,0,0,0,0,0,0,0,0,0,0,0,0,0,0,0,0,0,0,0,0,0,0,0,0,0,0,0,0,0,0,0,0,0,0,3133,145,0,0,0,0,0,0,0,0,0,0,0,0,0,0,0,0,0,0,18895,148,0,0,456,66,0,0,48473,1
jobovy_galpy,2021-01-24,8e2f41e3909d2d7f8cd05f7ca7b379a0063fce01,154,0,0,0,0,0,0,0,0,0,0,0,0,0,0,0,0,0,0,0,0,0,0,0,0,0,0,0,0,0,0,0,0,0,0,0,0,0,0,0,0,0,0,0,0,0,0,0,0,0,0,0,0,0,0,0,0,0,0,0,0,0,0,3148,147,0,0,0,0,0,0,0,0,0,0,0,0,0,0,0,0,0,0,18869,149,0,0,457,60,0,0,48504,1
jobovy_galpy,2021-02-25,2986473ba08e30dadb1b47bba075b03fc3242583,157,0,0,0,0,0,0,0,0,0,0,0,0,0,0,0,0,0,0,0,0,0,0,0,0,0,0,0,0,0,0,0,0,0,0,0,0,0,0,0,0,0,0,0,0,0,0,0,0,0,0,0,0,0,0,0,0,0,0,0,0,0,0,3224,150,0,0,0,0,0,0,0,0,0,0,0,0,0,0,0,0,0,0,19201,153,0,0,465,68,0,0,49253,1
jobovy_galpy,2021-03-29,a32a6f3aa0b6cd128825a2e0a31b10f20154aab2,158,0,0,0,0,0,0,0,0,0,0,0,0,0,0,0,0,0,0,0,0,0,0,0,0,0,0,0,0,0,0,0,0,0,0,0,0,0,0,0,0,0,0,0,0,0,0,0,0,0,0,0,0,0,0,0,0,0,0,0,0,0,0,3254,150,0,0,0,0,0,0,0,0,0,0,0,0,0,0,0,0,0,0,19313,155,0,0,466,63,0,0,49554,1
jobovy_galpy,2021-04-29,cd878f4cd44eeacb790d2d79e721e2bb7c14822a,157,0,0,0,0,0,0,0,0,0,0,0,0,0,0,0,0,0,0,0,0,0,0,0,0,0,0,0,0,0,0,0,0,0,0,0,0,0,0,0,0,0,0,0,0,0,0,0,0,0,0,0,0,0,0,0,0,0,0,0,0,0,0,3225,152,0,0,0,0,0,0,0,0,0,0,0,0,0,0,0,0,0,0,19265,153,0,0,461,69,0,0,49326,1
jobovy_galpy,2021-07-04,ab35425b6838e3e95d9680f38fe4f9993fdfb9b5,161,0,0,0,0,0,0,0,0,0,0,0,0,0,0,0,0,0,0,0,0,0,0,0,0,0,0,0,0,0,0,0,0,0,0,0,0,0,0,0,0,0,0,0,0,0,0,0,0,0,0,0,0,0,0,0,0,0,0,0,0,0,0,3335,158,0,0,0,0,0,0,0,0,0,0,0,0,0,0,0,0,0,0,19661,155,0,0,479,69,0,0,50494,1
jobovy_galpy,2021-09-04,186f6b8257c359e670d9dc839e1bb08dfbff2916,161,0,0,0,0,0,0,0,0,0,0,0,0,0,0,0,0,0,0,0,0,0,0,0,0,0,0,0,0,0,0,0,0,0,0,0,0,0,0,0,0,0,0,0,0,0,0,0,0,0,0,0,0,0,0,0,0,0,0,0,0,0,0,3335,153,0,0,0,0,0,0,0,0,0,0,0,0,0,0,0,0,0,0,19663,156,0,0,479,73,0,0,50496,1
jobovy_galpy,2021-10-14,2ca2e4703e07ec3214dd43369f7a4493191727ab,161,0,0,0,0,0,0,0,0,0,0,0,0,0,0,0,0,0,0,0,0,0,0,0,0,0,0,0,0,0,0,0,0,0,0,0,0,0,0,0,0,0,0,0,0,0,0,0,0,0,0,0,0,0,0,0,0,0,0,0,0,0,0,3335,155,0,0,0,0,0,0,0,0,0,0,0,0,0,0,0,0,0,0,19663,156,0,0,479,67,0,0,50496,1
jobovy_galpy,2021-11-15,e13a3ea52f263ef87c05ae3b19065849dd3c5dca,161,0,0,0,0,0,0,0,0,0,0,0,0,0,0,0,0,0,0,0,0,0,0,0,0,0,0,0,0,0,0,0,0,0,0,0,0,0,0,0,0,0,0,0,0,0,0,0,0,0,0,0,0,0,0,0,0,0,0,0,0,0,0,3335,155,0,0,0,0,0,0,0,0,0,0,0,0,0,0,0,0,0,0,19663,156,0,0,479,71,0,0,50496,1
jobovy_galpy,2021-12-19,ce00fb378dcce833c4adeec7150168b36b43f734,161,0,0,0,0,0,0,0,0,0,0,0,0,0,0,0,0,0,0,0,0,0,0,0,0,0,0,0,0,0,0,0,0,0,0,0,0,0,0,0,0,0,0,0,0,0,0,0,0,0,0,0,0,0,0,0,0,0,0,0,0,0,0,3336,153,0,0,0,0,0,0,0,0,0,0,0,0,0,0,0,0,0,0,19667,156,0,0,479,70,0,0,50510,1
jobovy_galpy,2022-01-21,089444b285841056fbb0939b9f2ff02ea52f5ef5,161,0,0,0,0,0,0,0,0,0,0,0,0,0,0,0,0,0,0,0,0,0,0,0,0,0,0,0,0,0,0,0,0,0,0,0,0,0,0,0,0,0,0,0,0,0,0,0,0,0,0,0,0,0,0,0,0,0,0,0,0,0,0,3336,153,0,0,0,0,0,0,0,0,0,0,0,0,0,0,0,0,0,0,19668,157,0,0,479,70,0,0,50512,1
jobovy_galpy,2022-02-24,203b3ccac684df358f7905e2fff8333ce3bc7983,161,0,0,0,0,0,0,0,0,0,0,0,0,0,0,0,0,0,0,0,0,0,0,0,0,0,0,0,0,0,0,0,0,0,0,0,0,0,0,0,0,0,0,0,0,0,0,0,0,0,0,0,0,0,0,0,0,0,0,0,0,0,0,3338,153,0,0,0,0,0,0,0,0,0,0,0,0,0,0,0,0,0,0,19681,158,0,0,479,68,0,0,50545,1
jobovy_galpy,2022-03-28,40362ba544dfbb91ad1a154256c23a65f807424e,164,0,0,0,0,0,0,0,0,0,0,0,0,0,0,0,0,0,0,0,0,0,0,0,0,0,0,0,0,0,0,0,0,0,0,0,0,0,0,0,0,0,0,0,0,0,0,0,0,0,0,0,0,0,0,0,0,0,0,0,0,0,0,3434,157,0,0,0,0,0,0,0,0,0,0,0,0,0,0,0,0,0,0,20367,160,0,0,518,70,0,0,52016,1
jobovy_galpy,2022-04-29,a0604f8b3d3c5ca309eb24ba2e39bc22edd65ac5,165,0,0,0,0,0,0,0,0,0,0,0,0,0,0,0,0,0,0,0,0,0,0,0,0,0,0,0,0,0,0,0,0,0,0,0,0,0,0,0,0,0,0,0,0,0,0,0,0,0,0,0,0,0,0,0,0,0,0,0,0,0,0,3468,156,0,0,0,0,0,0,0,0,0,0,0,0,0,0,0,0,0,0,20593,161,0,0,526,70,0,0,52582,1
jobovy_galpy,2022-05-31,39f7449a9c2aa50a67fc60ad824e7c77e5db7269,167,0,0,0,0,0,0,0,0,0,0,0,0,0,0,0,0,0,0,0,0,0,0,0,0,0,0,0,0,0,0,0,0,0,0,0,0,0,0,0,0,0,0,0,0,0,0,0,0,0,0,0,0,0,0,0,0,0,0,0,0,0,0,3497,160,0,0,0,0,0,0,0,0,0,0,0,0,0,0,0,0,0,0,20782,163,0,0,543,77,0,0,53054,1
jobovy_galpy,2022-07-02,4fe8a470fbeb6c9355f3898cc59ee4a901bf7395,168,0,0,0,0,0,0,0,0,0,0,0,0,0,0,0,0,0,0,2,1,0,0,0,0,0,0,0,0,0,0,0,0,0,0,0,0,0,0,0,0,0,1,0,0,0,0,0,0,1,0,0,0,0,0,0,0,0,0,0,0,0,0,3510,159,0,0,0,0,0,0,0,0,0,0,0,0,1,1,0,0,0,0,20872,162,0,0,543,72,1,1,53247,1
jobovy_galpy,2022-08-02,b17cf06f593e3fe9522556142494a8cfcf3b063a,168,0,0,0,0,0,0,0,0,0,0,0,0,0,0,0,0,0,0,573,24,0,0,0,0,0,0,0,0,0,0,0,0,0,0,0,0,0,0,0,0,0,1,0,0,0,0,0,0,1,0,0,0,0,0,0,0,0,0,0,0,0,0,3514,161,0,0,0,0,0,0,0,0,0,0,0,0,1,1,0,0,0,0,20912,165,0,0,543,75,1,1,53290,0
jobovy_galpy,2022-09-01,fef2b24286c7071d485f2a261bd327bac2e41291,168,0,0,0,0,0,0,0,0,0,0,0,0,0,0,0,0,0,0,573,24,0,0,0,0,0,0,0,0,0,0,0,0,0,0,0,0,0,0,0,0,0,1,0,0,0,0,0,0,1,0,0,0,0,0,0,0,0,0,0,0,0,0,3514,162,0,0,0,0,0,0,0,0,0,0,0,0,1,1,0,0,0,0,20912,162,0,0,543,79,1,1,53285,0
jobovy_galpy,2022-10-03,15d2598bb41f5a482193e7557f38a30428411d85,168,0,0,0,0,0,0,0,0,0,0,0,0,0,0,0,0,0,0,573,24,0,0,0,0,0,0,0,0,0,0,0,0,0,0,0,0,0,0,0,0,0,1,0,0,0,0,0,0,1,0,0,0,0,0,0,0,0,0,0,0,0,0,3518,160,0,0,0,0,0,0,0,0,0,0,0,0,1,1,0,0,0,0,20935,165,0,0,543,74,1,1,53335,0
jobovy_galpy,2022-11-08,247c6f5e060bbfdfb92a57323de4d828e4f564ee,168,0,0,0,0,0,0,0,0,0,0,0,0,0,0,0,0,0,0,573,25,0,0,0,0,0,0,0,0,0,0,0,0,0,0,0,0,0,0,0,0,0,1,0,0,0,0,0,0,1,0,0,0,0,0,0,0,0,0,0,0,0,0,3518,161,0,0,0,0,0,0,0,0,0,0,0,0,1,1,0,0,0,0,20935,163,0,0,543,78,1,1,53335,0
jobovy_galpy,2022-12-11,e9b19d8b4bea0bee7020ef6d3453ef5e21644e7a,168,0,0,0,0,0,0,0,0,0,0,0,0,0,0,0,0,0,0,589,26,0,0,0,0,0,0,0,0,0,0,0,0,0,0,0,0,0,0,0,0,0,1,0,0,0,0,0,0,1,0,0,0,0,0,0,0,0,0,0,0,0,0,3569,161,0,0,0,0,0,0,0,0,0,0,0,0,1,1,0,0,0,0,21489,164,0,0,554,73,1,1,54407,0
jobovy_galpy,2023-01-10,8de8f014533a7e6df49160f6f6c869eae3c72aed,168,0,0,0,0,0,0,0,0,0,0,0,0,0,0,0,0,0,0,601,26,0,0,0,0,0,0,0,0,0,0,0,0,0,0,0,0,0,0,0,0,0,1,0,0,0,0,0,0,1,0,0,0,0,0,0,0,0,0,0,0,0,0,3570,162,0,0,0,0,0,0,0,0,0,0,0,0,1,1,0,0,0,0,21589,163,0,0,564,71,1,1,54566,0
jobovy_galpy,2023-02-09,11bc23921c100831b55fcc706d52c1299acd3d55,169,0,0,0,0,0,0,0,0,0,0,0,0,0,0,0,0,0,0,615,29,0,0,0,0,0,0,0,0,0,0,0,0,0,0,0,0,0,0,0,0,0,1,0,0,0,0,0,0,1,0,0,0,0,0,0,0,0,0,0,0,0,0,3578,161,0,0,0,0,0,0,0,0,0,0,0,0,1,1,0,0,0,0,21600,168,0,0,564,75,1,1,54644,0
jobovy_galpy,2023-03-13,7a63b8e9e6f8c9998bff1d6b14675557f0b2fff5,169,0,0,0,0,0,0,0,0,0,0,0,0,0,0,0,0,0,0,615,30,0,0,0,0,0,0,0,0,0,0,0,0,0,0,0,0,0,0,0,0,0,1,0,0,0,0,0,0,1,0,0,0,0,0,0,0,0,0,0,0,0,0,3591,163,0,0,0,0,0,0,0,0,0,0,0,0,1,1,0,0,0,0,21679,166,0,0,566,73,1,1,54818,0
jobovy_galpy,2023-04-18,861c2f7f5582d82d10923506e28a78a73329dba9,169,0,0,0,0,0,0,0,0,0,0,0,0,0,0,0,0,0,0,632,29,0,0,0,0,0,0,0,0,0,0,0,0,0,0,0,0,0,0,0,0,0,1,0,0,0,0,0,0,1,0,0,0,0,0,0,0,0,0,0,0,0,0,3628,163,6,6,1,1,0,0,0,0,0,0,0,0,1,1,0,0,0,0,21954,166,0,0,571,76,1,1,55364,0
jobovy_galpy,2023-05-23,3ebc9f80d49ef547d87468ca06709b36f21846e7,169,0,0,0,0,0,0,0,0,0,0,0,0,0,0,0,0,0,0,637,30,0,0,0,0,0,0,0,0,0,0,0,0,0,0,0,0,0,0,0,0,0,1,0,0,0,0,0,0,1,0,0,0,0,0,0,0,8,4,1,1,4,1,3654,162,6,6,1,1,0,0,0,0,0,0,0,0,1,1,0,0,0,0,22136,165,0,0,571,75,1,1,55694,0
jobovy_galpy,2023-06-27,c94677da43c70d98e34ca55685a93a87425181d4,168,0,0,0,0,0,0,0,0,0,0,0,0,0,0,0,0,0,0,671,29,0,0,0,0,0,0,0,0,0,0,0,0,0,0,0,0,0,0,0,0,0,1,0,0,0,0,0,0,1,0,0,0,0,0,0,0,8,4,1,1,4,1,3706,164,12,12,1,1,0,0,0,0,0,0,0,0,1,1,0,0,0,0,22401,166,0,0,573,74,1,1,56291,0
jobovy_galpy,2023-08-01,a4f73f0c1e7b1ad6d49e75324b59f1b41cc79149,168,0,0,0,0,0,0,0,0,0,0,0,0,0,0,0,0,0,0,672,31,0,0,0,0,0,0,0,0,0,0,0,0,0,0,0,0,0,0,0,0,0,1,0,0,0,0,0,0,1,0,0,0,0,0,0,0,8,4,1,1,4,1,3730,165,12,12,1,1,0,0,0,0,0,0,0,0,1,1,0,0,0,0,22592,166,0,0,573,76,1,1,56799,0
jobovy_galpy,2023-09-05,d2bc59bc2b4a6cc79b044aaf75d6a03c078b87be,168,0,0,0,0,0,0,0,0,0,0,0,0,0,0,0,0,0,0,672,32,0,0,0,0,0,0,0,0,0,0,0,0,0,0,0,0,0,0,0,0,0,1,0,0,0,0,0,0,1,0,0,0,0,0,0,0,8,4,1,1,4,1,3730,164,12,12,1,1,0,0,0,0,0,0,0,0,1,1,0,0,0,0,22592,165,0,0,573,74,1,1,56799,0
jobovy_galpy,2023-10-05,2c776138491ae7871f9a583c382ac0e4266a2476,168,0,0,0,0,0,0,0,0,0,0,0,0,0,0,0,0,0,0,672,29,0,0,0,0,0,0,0,0,0,0,0,0,0,0,0,0,0,0,0,0,0,1,0,0,0,0,0,0,1,0,0,0,0,0,0,0,8,4,1,1,4,1,3730,166,12,12,1,1,0,0,0,0,0,0,0,0,1,1,0,0,0,0,22592,167,0,0,573,75,1,1,56799,0
jobovy_galpy,2023-11-06,ea6c994575d72e684ceaf6c3a972cabe5839a434,168,0,0,0,0,0,0,0,0,0,0,0,0,0,0,0,0,0,0,672,31,0,0,0,0,0,0,0,0,0,0,0,0,0,0,0,0,0,0,0,0,0,1,0,0,0,0,0,0,1,0,0,0,0,0,0,0,8,4,1,1,4,2,3731,162,9,9,1,1,0,0,0,0,0,0,0,0,1,1,0,0,0,0,22592,167,0,0,573,73,1,1,56493,0
jobovy_galpy,2023-12-10,227964071e181451807faa4165b4089d7ef99404,168,0,0,0,0,0,0,0,0,0,0,0,0,0,0,0,0,0,0,672,34,0,0,0,0,0,0,0,0,0,0,0,0,0,0,0,0,0,0,0,0,0,1,0,0,0,0,0,0,1,0,0,0,0,0,0,0,8,4,1,1,4,1,3731,161,9,9,1,1,0,0,0,0,0,0,0,0,1,1,0,0,0,0,22592,167,0,0,573,75,1,1,56493,0
jobovy_galpy,2024-01-15,565ee7ca99b5094808c9abb0c8924ea8e9d65b40,168,0,0,0,0,0,0,0,0,0,0,0,0,0,0,0,0,0,0,672,30,0,0,0,0,0,0,0,0,0,0,0,0,0,0,0,0,0,0,0,0,0,1,0,0,0,0,0,0,1,0,0,0,0,0,0,0,8,4,1,1,4,1,3738,164,9,9,1,1,0,0,0,0,0,0,0,0,1,1,0,0,0,0,22626,166,0,0,575,76,1,1,56572,0
jobovy_galpy,2024-02-20,d266f57c22daa9725a33747a6d14bbb50dbbd9a9,169,0,0,0,0,0,0,0,0,0,0,0,0,0,0,0,0,0,0,672,28,0,0,0,0,0,0,0,0,0,0,0,0,0,0,0,0,0,0,0,0,0,1,0,0,0,0,0,0,1,0,0,0,0,0,0,0,8,4,2,2,4,2,3756,161,9,9,1,1,0,0,0,0,0,0,0,0,1,1,0,0,0,0,22646,168,0,0,575,79,1,1,56681,0
jobovy_galpy,2024-04-01,da2c616aded7f783c85bd084062f1a6f825ac6bb,169,0,0,0,0,0,0,0,0,0,0,0,0,0,0,0,0,0,0,672,30,0,0,0,0,0,0,0,0,0,0,0,0,0,0,0,0,0,0,0,0,0,1,0,0,0,0,0,0,1,0,0,0,0,0,0,0,8,4,1,1,4,1,3758,161,9,9,1,1,0,0,0,0,0,0,0,0,1,1,0,0,0,0,22649,168,0,0,575,76,1,1,56694,0
jobovy_galpy,2024-05-06,919aae8aedb15802bd74dd538f26fdfdc17f30da,169,0,0,0,0,0,0,0,0,0,0,0,0,0,0,0,0,0,0,672,28,0,0,0,0,0,0,0,0,0,0,0,0,0,0,0,0,0,0,0,0,0,1,0,0,0,0,0,0,1,0,0,0,0,0,0,0,8,4,1,1,4,1,3758,166,9,9,1,1,0,0,0,0,0,0,0,0,1,1,0,0,0,0,22649,168,0,0,575,77,1,1,56694,0
jobovy_galpy,2024-06-16,059d84f1a89facf8687c9abf5583933c9604bb32,169,0,0,0,0,0,0,0,0,0,0,0,0,0,0,0,0,0,0,672,35,0,0,0,0,0,0,0,0,0,0,0,0,0,0,0,0,0,0,0,0,0,1,0,0,0,0,0,0,1,0,0,0,0,0,0,0,8,4,1,1,4,1,3760,165,9,9,1,1,0,0,0,0,0,0,0,0,1,1,0,0,0,0,22653,167,0,0,575,78,1,1,56704,0
jobovy_galpy,2024-08-04,3640ee87afe3c50029a0f013d558e6039737491e,168,0,0,0,0,0,0,0,0,0,0,0,0,0,0,0,0,0,0,672,29,0,0,0,0,0,0,0,0,0,0,0,0,0,0,0,0,0,0,0,0,0,1,0,0,0,0,0,0,1,0,0,0,0,0,0,0,8,4,1,1,4,1,3758,166,9,9,1,1,0,0,0,0,0,0,0,0,1,1,0,0,0,0,22638,167,0,0,574,76,1,1,56679,0
jobovy_galpy,2024-09-13,6c9bb857936ec7525e018c904239bbacb6f855a0,168,0,0,0,0,0,0,0,0,0,0,0,0,0,0,0,0,0,0,672,26,0,0,0,0,0,0,0,0,0,0,0,0,0,0,0,0,0,0,0,0,0,1,0,0,0,0,0,0,1,0,0,0,0,0,0,0,8,4,1,1,4,1,3769,165,9,9,1,1,0,0,0,0,0,0,0,0,1,1,0,0,0,0,22677,166,0,0,576,74,1,1,56781,0
jobovy_galpy,2024-10-21,8d528158d69d46d72214fd732a3e7184c5352f15,168,0,0,0,0,0,0,0,0,0,0,0,0,0,0,0,0,0,0,672,31,0,0,0,0,0,0,0,0,0,0,0,0,0,0,0,0,0,0,0,0,0,1,0,0,0,0,0,0,1,0,0,0,0,0,0,0,8,4,1,1,4,1,3769,164,9,9,1,1,0,0,0,0,0,0,0,0,1,1,0,0,0,0,22663,164,0,0,579,73,1,1,56756,0
jobovy_galpy,2024-11-24,6f3dd8023707f6b212f56288a4d97606c2bb1c72,168,0,0,0,0,0,0,0,0,0,0,0,0,0,0,0,0,0,0,672,32,0,0,0,0,0,0,0,0,0,0,0,0,0,0,0,0,0,0,0,0,0,1,0,0,0,0,0,0,1,0,0,0,0,0,0,0,8,4,1,1,4,1,3778,162,9,9,1,1,0,0,0,0,0,0,0,0,1,1,0,0,0,0,22704,165,0,0,580,76,1,1,56841,0
