project,date,commit_hash,files,async_list_comprehensions,async_set_comprehensions,async_dict_comprehensions,async_generator_expressions,async_list_comprehensions_files,async_set_comprehensions_files,async_dict_comprehensions_files,async_generator_expressions_files,matrix_multiplication,matrix_multiplication_files,async_def,await_expressions,async_for,async_with,async_def_files,await_expressions_files,async_for_files,async_with_files,fstring,fstring_files,except_star,except_star_with_group,except_star_without_group,raised_exception_group,caught_exception_group,exception_groups,except_star_files,exception_group_files,pattern_match,pattern_as,pattern_or,pattern_sequence,pattern_mapping,pattern_class,pattern_value,pattern_singleton,pattern_star,pattern_match_files,pattern_as_files,pattern_or_files,pattern_sequence_files,pattern_mapping_files,pattern_class_files,pattern_value_files,pattern_singleton_files,pattern_star_files,assign_unpack,list_unpack,tuple_unpack,set_unpack,dict_unpack,call_kwargs_unpack,call_args_unpack,assign_unpack_files,list_unpack_files,tuple_unpack_files,set_unpack_files,dict_unpack_files,call_kwargs_unpack_files,call_args_unpack_files,nonlocal,nonlocal_files,function_args_annotation,function_return_annotation,function_args_annotation_files,function_return_annotation_files,function_with_annotation,function_with_annotation_files,function_without_annotation,function_without_annotation_files,kw_defaults,kw_args,kw_defaults_files,kw_args_files,type_vars_bounds,type_vars_constraints,type_param_spec,type_var_tuple,type_vars_bounds_files,type_vars_constraints_files,type_param_spec_files,type_var_tuple_files,yield_from,yield_from_files,assignment_expression,assignment_expression_files,variable_annotation,variable_annotation_files,assign,assign_files,assign_with_type_comment,assign_with_type_comment_files,aug_assign,aug_assign_files,suppressing_exception_context,suppressing_exception_context_files,statements,errors
robotframework_seleniumlibrary,2010-04-19,4ab16a8a3a7d7385c406d7807357b4e567905aea,20,0,0,0,0,0,0,0,0,0,0,0,0,0,0,0,0,0,0,0,0,0,0,0,0,0,0,0,0,0,0,0,0,0,0,0,0,0,0,0,0,0,0,0,0,0,0,0,0,0,0,0,0,0,0,0,0,0,0,0,0,0,0,0,0,0,0,0,0,58,7,0,0,0,0,0,0,0,0,0,0,0,0,0,0,0,0,0,0,61,8,0,0,1,1,0,0,324,12
robotframework_seleniumlibrary,2010-05-26,cdf2e20712f1d74bb7c720128b18500afa947f7f,21,0,0,0,0,0,0,0,0,0,0,0,0,0,0,0,0,0,0,0,0,0,0,0,0,0,0,0,0,0,0,0,0,0,0,0,0,0,0,0,0,0,0,0,0,0,0,0,0,0,0,0,0,0,0,0,0,0,0,0,0,0,0,0,0,0,0,0,0,59,7,0,0,0,0,0,0,0,0,0,0,0,0,0,0,0,0,0,0,62,8,0,0,1,1,0,0,327,13
robotframework_seleniumlibrary,2010-08-04,d70b380150f1956baf63bec27107f955fdbf23fd,21,0,0,0,0,0,0,0,0,0,0,0,0,0,0,0,0,0,0,0,0,0,0,0,0,0,0,0,0,0,0,0,0,0,0,0,0,0,0,0,0,0,0,0,0,0,0,0,0,0,0,0,0,0,0,0,0,0,0,0,0,0,0,0,0,0,0,0,0,59,7,0,0,0,0,0,0,0,0,0,0,0,0,0,0,0,0,0,0,62,8,0,0,1,1,0,0,327,13
robotframework_seleniumlibrary,2010-09-14,90adda39a04f2fa5c1bf20ca4d21ff1a59a89474,21,0,0,0,0,0,0,0,0,0,0,0,0,0,0,0,0,0,0,0,0,0,0,0,0,0,0,0,0,0,0,0,0,0,0,0,0,0,0,0,0,0,0,0,0,0,0,0,0,0,0,0,0,0,0,0,0,0,0,0,0,0,0,0,0,0,0,0,0,59,7,0,0,0,0,0,0,0,0,0,0,0,0,0,0,0,0,0,0,62,8,0,0,1,1,0,0,327,13
robotframework_seleniumlibrary,2010-10-28,ef1fbb982eb644bf5450b2830a27362aa6c0c7e8,22,0,0,0,0,0,0,0,0,0,0,0,0,0,0,0,0,0,0,0,0,0,0,0,0,0,0,0,0,0,0,0,0,0,0,0,0,0,0,0,0,0,0,0,0,0,0,0,0,0,0,0,0,0,0,0,0,0,0,0,0,0,0,0,0,0,0,0,0,66,8,0,0,0,0,0,0,0,0,0,0,0,0,0,0,0,0,0,0,67,8,0,0,1,1,0,0,366,13
robotframework_seleniumlibrary,2010-12-29,b90de547ddeeb1d5f4c25fde0415c380dc4f5089,29,0,0,0,0,0,0,0,0,0,0,0,0,0,0,0,0,0,0,0,0,0,0,0,0,0,0,0,0,0,0,0,0,0,0,0,0,0,0,0,0,0,0,0,0,0,0,0,0,0,0,0,0,0,0,0,0,0,0,0,0,0,0,0,0,0,0,0,0,97,10,0,0,0,0,0,0,0,0,0,0,0,0,0,0,0,0,0,0,68,11,0,0,1,1,0,0,476,17
robotframework_seleniumlibrary,2011-01-31,ef6ed3a969eab959a01349d5f5b47f15aa24159b,30,0,0,0,0,0,0,0,0,0,0,0,0,0,0,0,0,0,0,0,0,0,0,0,0,0,0,0,0,0,0,0,0,0,0,0,0,0,0,0,0,0,0,0,0,0,0,0,0,0,0,0,0,0,0,0,0,0,0,0,0,0,0,0,0,0,0,0,0,116,10,0,0,0,0,0,0,0,0,0,0,0,0,0,0,0,0,0,0,86,12,0,0,1,1,0,0,583,17
robotframework_seleniumlibrary,2011-03-04,315e63ce0cbdf9b884355caf749992c28d9dad32,30,0,0,0,0,0,0,0,0,0,0,0,0,0,0,0,0,0,0,0,0,0,0,0,0,0,0,0,0,0,0,0,0,0,0,0,0,0,0,0,0,0,0,0,0,0,0,0,0,0,0,0,0,0,0,0,0,0,0,0,0,0,0,0,0,0,0,0,0,116,11,0,0,0,0,0,0,0,0,0,0,0,0,0,0,0,0,0,0,86,12,0,0,1,1,0,0,583,17
robotframework_seleniumlibrary,2011-04-29,11c805e941640ccd3d627a647c4ddf6901e9c94e,30,0,0,0,0,0,0,0,0,0,0,0,0,0,0,0,0,0,0,0,0,0,0,0,0,0,0,0,0,0,0,0,0,0,0,0,0,0,0,0,0,0,0,0,0,0,0,0,0,0,0,0,0,0,0,0,0,0,0,0,0,0,0,0,0,0,0,0,0,116,11,0,0,0,0,0,0,0,0,0,0,0,0,0,0,0,0,0,0,86,12,0,0,1,1,0,0,583,17
robotframework_seleniumlibrary,2011-07-29,c29cde11705a2a62c30b4cecf44f97bc11254135,30,0,0,0,0,0,0,0,0,0,0,0,0,0,0,0,0,0,0,0,0,0,0,0,0,0,0,0,0,0,0,0,0,0,0,0,0,0,0,0,0,0,0,0,0,0,0,0,0,0,0,0,0,0,0,0,0,0,0,0,0,0,0,0,0,0,0,0,0,131,11,0,0,0,0,0,0,0,0,0,0,0,0,0,0,0,0,0,0,104,12,0,0,1,1,0,0,665,17
robotframework_seleniumlibrary,2011-09-26,58404e242d88a1b2f32649917144aee724c3300d,54,0,0,0,0,0,0,0,0,0,0,0,0,0,0,0,0,0,0,0,0,0,0,0,0,0,0,0,0,0,0,0,0,0,0,0,0,0,0,0,0,0,0,0,0,0,0,0,0,0,0,0,0,0,0,0,0,0,0,0,0,0,0,0,0,0,0,0,0,280,24,0,0,0,0,0,0,0,0,0,0,0,0,0,0,0,0,0,0,457,29,0,0,7,4,0,0,1796,24
robotframework_seleniumlibrary,2011-10-26,266ef0388613eb3c5847585869394c13068cbe7c,74,0,0,0,0,0,0,0,0,0,0,0,0,0,0,0,0,0,0,0,0,0,0,0,0,0,0,0,0,0,0,0,0,0,0,0,0,0,0,0,0,0,0,0,0,0,0,0,0,0,0,0,0,0,0,0,0,0,0,0,0,0,0,0,0,0,0,0,0,565,48,0,0,0,0,0,0,0,0,0,0,0,0,0,0,0,0,0,0,1038,52,0,0,10,5,0,0,3652,20
robotframework_seleniumlibrary,2011-11-26,7e208f024d8df02255a2bef25a0af9688a3e991d,74,0,0,0,0,0,0,0,0,0,0,0,0,0,0,0,0,0,0,0,0,0,0,0,0,0,0,0,0,0,0,0,0,0,0,0,0,0,0,0,0,0,0,0,0,0,0,0,0,0,0,0,0,0,0,0,0,0,0,0,0,0,0,0,0,0,0,0,0,576,48,0,0,0,0,0,0,0,0,0,0,0,0,0,0,0,0,0,0,1054,52,0,0,10,6,0,0,3700,20
robotframework_seleniumlibrary,2012-01-04,7bf7bd0ca7741a385238703609c966d9a06ca7ee,44,0,0,0,0,0,0,0,0,0,0,0,0,0,0,0,0,0,0,0,0,0,0,0,0,0,0,0,0,0,0,0,0,0,0,0,0,0,0,0,0,0,0,0,0,0,0,0,0,0,0,0,0,0,0,0,0,0,0,0,0,0,0,0,0,0,0,0,0,390,28,0,0,0,0,0,0,0,0,0,0,0,0,0,0,0,0,0,0,644,29,0,0,1,1,0,0,2301,14
robotframework_seleniumlibrary,2012-02-11,3c84f604206eba8fe98da731bb7ef200cbf5a126,44,0,0,0,0,0,0,0,0,0,0,0,0,0,0,0,0,0,0,0,0,0,0,0,0,0,0,0,0,0,0,0,0,0,0,0,0,0,0,0,0,0,0,0,0,0,0,0,0,0,0,0,0,0,0,0,0,0,0,0,0,0,0,0,0,0,0,0,0,392,28,0,0,0,0,0,0,0,0,0,0,0,0,0,0,0,0,0,0,652,29,0,0,1,1,0,0,2326,14
robotframework_seleniumlibrary,2012-04-16,ad4ee96be00b1ef9d81b1f697adfea7c1fec2e9f,47,0,0,0,0,0,0,0,0,0,0,0,0,0,0,0,0,0,0,0,0,0,0,0,0,0,0,0,0,0,0,0,0,0,0,0,0,0,0,0,0,0,0,0,0,0,0,0,0,0,0,0,0,0,0,0,0,0,0,0,0,0,0,0,0,0,0,0,0,408,29,0,0,0,0,0,0,0,0,0,0,0,0,0,0,0,0,0,0,665,31,0,0,1,1,0,0,2373,15
robotframework_seleniumlibrary,2012-05-19,275fa366da2a49dcc3f4e79016e169725341c70f,47,0,0,0,0,0,0,0,0,0,0,0,0,0,0,0,0,0,0,0,0,0,0,0,0,0,0,0,0,0,0,0,0,0,0,0,0,0,0,0,0,0,0,0,0,0,0,0,0,0,0,0,0,0,0,0,0,0,0,0,0,0,0,0,0,0,0,0,0,410,28,0,0,0,0,0,0,0,0,0,0,0,0,0,0,0,0,0,0,668,31,0,0,1,1,0,0,2385,15
robotframework_seleniumlibrary,2012-06-27,19c25a737f507d019263a091ba59f206a62339b2,47,0,0,0,0,0,0,0,0,0,0,0,0,0,0,0,0,0,0,0,0,0,0,0,0,0,0,0,0,0,0,0,0,0,0,0,0,0,0,0,0,0,0,0,0,0,0,0,0,0,0,0,0,0,0,0,0,0,0,0,0,0,0,0,0,0,0,0,0,410,29,0,0,0,0,0,0,0,0,0,0,0,0,0,0,0,0,0,0,668,31,0,0,1,1,0,0,2385,15
robotframework_seleniumlibrary,2012-08-01,610a92da102f46c86c8a39b3f486fa99614632af,46,0,0,0,0,0,0,0,0,0,0,0,0,0,0,0,0,0,0,0,0,0,0,0,0,0,0,0,0,0,0,0,0,0,0,0,0,0,0,0,0,0,0,0,0,0,0,0,0,0,0,0,0,0,0,0,0,0,0,0,0,0,0,0,0,0,0,0,0,418,30,0,0,0,0,0,0,0,0,0,0,0,0,0,0,0,0,0,0,675,31,0,0,1,1,0,0,2435,14
robotframework_seleniumlibrary,2012-08-31,513c6350ff7f5f69cf439ad4ddc77cc7bd920346,46,0,0,0,0,0,0,0,0,0,0,0,0,0,0,0,0,0,0,0,0,0,0,0,0,0,0,0,0,0,0,0,0,0,0,0,0,0,0,0,0,0,0,0,0,0,0,0,0,0,0,0,0,0,0,0,0,0,0,0,0,0,0,0,0,0,0,0,0,418,29,0,0,0,0,0,0,0,0,0,0,0,0,0,0,0,0,0,0,675,31,0,0,1,1,0,0,2435,14
robotframework_seleniumlibrary,2012-10-02,9fe2bd2481eedb298a033f2f5ab29fab04f9717c,46,0,0,0,0,0,0,0,0,0,0,0,0,0,0,0,0,0,0,0,0,0,0,0,0,0,0,0,0,0,0,0,0,0,0,0,0,0,0,0,0,0,0,0,0,0,0,0,0,0,0,0,0,0,0,0,0,0,0,0,0,0,0,0,0,0,0,0,0,412,29,0,0,0,0,0,0,0,0,0,0,0,0,0,0,0,0,0,0,672,32,0,0,1,1,0,0,2418,14
robotframework_seleniumlibrary,2012-11-02,860f753cfc74c9e49d7949c0afccb22cc412bae7,46,0,0,0,0,0,0,0,0,0,0,0,0,0,0,0,0,0,0,0,0,0,0,0,0,0,0,0,0,0,0,0,0,0,0,0,0,0,0,0,0,0,0,0,0,0,0,0,0,0,0,0,0,0,0,0,0,0,0,0,0,0,0,0,0,0,0,0,0,422,29,0,0,0,0,0,0,0,0,0,0,0,0,0,0,0,0,0,0,671,31,0,0,1,1,0,0,2467,14
robotframework_seleniumlibrary,2012-12-10,5c033cea15aa4f7056885839d78f9ade88fe6578,46,0,0,0,0,0,0,0,0,0,0,0,0,0,0,0,0,0,0,0,0,0,0,0,0,0,0,0,0,0,0,0,0,0,0,0,0,0,0,0,0,0,0,0,0,0,0,0,0,0,0,0,0,0,0,0,0,0,0,0,0,0,0,0,0,0,0,0,0,423,29,0,0,0,0,0,0,0,0,0,0,0,0,0,0,0,0,0,0,673,31,0,0,1,1,0,0,2482,14
robotframework_seleniumlibrary,2013-01-10,69ca11cf680d352f8a0eb5fa93ef71b02e5dae02,46,0,0,0,0,0,0,0,0,0,0,0,0,0,0,0,0,0,0,0,0,0,0,0,0,0,0,0,0,0,0,0,0,0,0,0,0,0,0,0,0,0,0,0,0,0,0,0,0,0,0,0,0,0,0,0,0,0,0,0,0,0,0,0,0,0,0,0,0,422,29,0,0,0,0,0,0,0,0,0,0,0,0,0,0,0,0,0,0,671,31,0,0,1,1,0,0,2467,14
robotframework_seleniumlibrary,2013-02-26,9634c6d73db536b83a28cce690dc259ddd458d25,46,0,0,0,0,0,0,0,0,0,0,0,0,0,0,0,0,0,0,0,0,0,0,0,0,0,0,0,0,0,0,0,0,0,0,0,0,0,0,0,0,0,0,0,0,0,0,0,0,0,0,0,0,0,0,0,0,0,0,0,0,0,0,0,0,0,0,0,0,425,29,0,0,0,0,0,0,0,0,0,0,0,0,0,0,0,0,0,0,679,32,0,0,1,1,0,0,2501,14
robotframework_seleniumlibrary,2013-04-01,3495189daf309f60058120ca57095ed92da4ff88,46,0,0,0,0,0,0,0,0,0,0,0,0,0,0,0,0,0,0,0,0,0,0,0,0,0,0,0,0,0,0,0,0,0,0,0,0,0,0,0,0,0,0,0,0,0,0,0,0,0,0,0,0,0,0,0,0,0,0,0,0,0,0,0,0,0,0,0,0,425,29,0,0,0,0,0,0,0,0,0,0,0,0,0,0,0,0,0,0,673,31,0,0,1,1,0,0,2486,14
robotframework_seleniumlibrary,2013-05-25,9823a7e66c1e7c6cccec405b62fe63ff385dff86,46,0,0,0,0,0,0,0,0,0,0,0,0,0,0,0,0,0,0,0,0,0,0,0,0,0,0,0,0,0,0,0,0,0,0,0,0,0,0,0,0,0,0,0,0,0,0,0,0,0,0,0,0,0,0,0,0,0,0,0,0,0,0,0,0,0,0,0,0,428,29,0,0,0,0,0,0,0,0,0,0,0,0,0,0,0,0,0,0,679,31,0,0,1,1,0,0,2507,14
robotframework_seleniumlibrary,2013-07-18,a6e2c7fbb9098eb6e2e6ccaadb4dbfdbe26542a6,46,0,0,0,0,0,0,0,0,0,0,0,0,0,0,0,0,0,0,0,0,0,0,0,0,0,0,0,0,0,0,0,0,0,0,0,0,0,0,0,0,0,0,0,0,0,0,0,0,0,0,0,0,0,0,0,0,0,0,0,0,0,0,0,0,0,0,0,0,438,29,0,0,0,0,0,0,0,0,0,0,0,0,0,0,0,0,0,0,690,31,0,0,1,1,0,0,2557,14
robotframework_seleniumlibrary,2013-08-21,23169659ebc8dbe5a7f7aacc616965d6b97e3506,46,0,0,0,0,0,0,0,0,0,0,0,0,0,0,0,0,0,0,0,0,0,0,0,0,0,0,0,0,0,0,0,0,0,0,0,0,0,0,0,0,0,0,0,0,0,0,0,0,0,0,0,0,0,0,0,0,0,0,0,0,0,0,0,0,0,0,0,0,439,29,0,0,0,0,0,0,0,0,0,0,0,0,0,0,0,0,0,0,691,31,0,0,1,1,0,0,2562,14
robotframework_seleniumlibrary,2013-10-05,a432719f1d8cba7b1457886b19a3abe8a6f99181,46,0,0,0,0,0,0,0,0,0,0,0,0,0,0,0,0,0,0,0,0,0,0,0,0,0,0,0,0,0,0,0,0,0,0,0,0,0,0,0,0,0,0,0,0,0,0,0,0,0,0,0,0,0,0,0,0,0,0,0,0,0,0,0,0,0,0,0,0,427,29,0,0,0,0,0,0,0,0,0,0,0,0,0,0,0,0,0,0,684,30,0,0,1,1,0,0,2531,15
robotframework_seleniumlibrary,2013-11-05,3cd5ba282266bef25e15bcd8657da9aaf80867e9,46,0,0,0,0,0,0,0,0,0,0,0,0,0,0,0,0,0,0,0,0,0,0,0,0,0,0,0,0,0,0,0,0,0,0,0,0,0,0,0,0,0,0,0,0,0,0,0,0,0,0,0,0,0,0,0,0,0,0,0,0,0,0,0,0,0,0,0,0,428,28,0,0,0,0,0,0,0,0,0,0,0,0,0,0,0,0,0,0,684,30,0,0,1,1,0,0,2533,15
robotframework_seleniumlibrary,2013-12-26,5ce5409e03b1cc59f3091f2a12160e12893d2adf,46,0,0,0,0,0,0,0,0,0,0,0,0,0,0,0,0,0,0,0,0,0,0,0,0,0,0,0,0,0,0,0,0,0,0,0,0,0,0,0,0,0,0,0,0,0,0,0,0,0,0,0,0,0,0,0,0,0,0,0,0,0,0,0,0,0,0,0,0,429,28,0,0,0,0,0,0,0,0,0,0,0,0,0,0,0,0,0,0,687,30,0,0,1,1,0,0,2548,15
robotframework_seleniumlibrary,2014-02-02,9d451a09dbccd3e3666463cea015a9734b187fd1,46,0,0,0,0,0,0,0,0,0,0,0,0,0,0,0,0,0,0,0,0,0,0,0,0,0,0,0,0,0,0,0,0,0,0,0,0,0,0,0,0,0,0,0,0,0,0,0,0,0,0,0,0,0,0,0,0,0,0,0,0,0,0,0,0,0,0,0,0,429,28,0,0,0,0,0,0,0,0,0,0,0,0,0,0,0,0,0,0,687,30,0,0,1,1,0,0,2552,15
robotframework_seleniumlibrary,2014-03-31,b72856445e9a02527d2ba2a93110a08dcf6e5f1e,46,0,0,0,0,0,0,0,0,0,0,0,0,0,0,0,0,0,0,0,0,0,0,0,0,0,0,0,0,0,0,0,0,0,0,0,0,0,0,0,0,0,0,0,0,0,0,0,0,0,0,0,0,0,0,0,0,0,0,0,0,0,0,0,0,0,0,0,0,420,27,0,0,0,0,0,0,0,0,0,0,0,0,0,0,0,0,0,0,678,29,0,0,1,1,0,0,2505,16
robotframework_seleniumlibrary,2014-05-29,a397d4cf23a21bd8b18ae80ded22e7e77b970048,46,0,0,0,0,0,0,0,0,0,0,0,0,0,0,0,0,0,0,0,0,0,0,0,0,0,0,0,0,0,0,0,0,0,0,0,0,0,0,0,0,0,0,0,0,0,0,0,0,0,0,0,0,0,0,0,0,0,0,0,0,0,0,0,0,0,0,0,0,430,28,0,0,0,0,0,0,0,0,0,0,0,0,0,0,0,0,0,0,688,31,0,0,1,1,0,0,2557,15
robotframework_seleniumlibrary,2014-07-09,00f61530e9b3c6921ec2e589a6796b959c41ca4c,46,0,0,0,0,0,0,0,0,0,0,0,0,0,0,0,0,0,0,0,0,0,0,0,0,0,0,0,0,0,0,0,0,0,0,0,0,0,0,0,0,0,0,0,0,0,0,0,0,0,0,0,0,0,0,0,0,0,0,0,0,0,0,0,0,0,0,0,0,420,27,0,0,0,0,0,0,0,0,0,0,0,0,0,0,0,0,0,0,678,29,0,0,1,1,0,0,2505,16
robotframework_seleniumlibrary,2014-08-15,0309f9bb4d7bf45fe0c6fb6d8a78a0f40c467a85,46,0,0,0,0,0,0,0,0,0,0,0,0,0,0,0,0,0,0,0,0,0,0,0,0,0,0,0,0,0,0,0,0,0,0,0,0,0,0,0,0,0,0,0,0,0,0,0,0,0,0,0,0,0,0,0,0,0,0,0,0,0,0,0,0,0,0,0,0,429,28,0,0,0,0,0,0,0,0,0,0,0,0,0,0,0,0,0,0,687,30,0,0,1,1,0,0,2552,15
robotframework_seleniumlibrary,2014-09-23,ce3998a71607b753746cd901b53771af29393c53,46,0,0,0,0,0,0,0,0,0,0,0,0,0,0,0,0,0,0,0,0,0,0,0,0,0,0,0,0,0,0,0,0,0,0,0,0,0,0,0,0,0,0,0,0,0,0,0,0,0,0,0,0,0,0,0,0,0,0,0,0,0,0,0,0,0,0,0,0,431,28,0,0,0,0,0,0,0,0,0,0,0,0,0,0,0,0,0,0,693,30,0,0,1,1,0,0,2565,15
robotframework_seleniumlibrary,2014-10-27,ea25275542a8b06e359a742d13e5550c293e1b99,47,0,0,0,0,0,0,0,0,0,0,0,0,0,0,0,0,0,0,0,0,0,0,0,0,0,0,0,0,0,0,0,0,0,0,0,0,0,0,0,0,0,0,0,0,0,0,0,0,0,0,0,0,0,0,0,0,0,0,0,0,0,0,0,0,0,0,0,0,445,29,0,0,0,0,0,0,0,0,0,0,0,0,0,0,0,0,0,0,736,31,0,0,1,1,0,0,2672,15
robotframework_seleniumlibrary,2014-12-05,cbb2edbea3abd41de4ea1bf0fdd2a7ef4f04f304,47,0,0,0,0,0,0,0,0,0,0,0,0,0,0,0,0,0,0,0,0,0,0,0,0,0,0,0,0,0,0,0,0,0,0,0,0,0,0,0,0,0,0,0,0,0,0,0,0,0,0,0,0,0,0,0,0,0,0,0,0,0,0,0,0,0,0,0,0,444,30,0,0,0,0,0,0,0,0,0,0,0,0,0,0,0,0,0,0,735,31,0,0,1,1,0,0,2664,15
robotframework_seleniumlibrary,2015-02-02,0e5452dac3c6a86b1ccefefd49af7942fd2a5a77,47,0,0,0,0,0,0,0,0,0,0,0,0,0,0,0,0,0,0,0,0,0,0,0,0,0,0,0,0,0,0,0,0,0,0,0,0,0,0,0,0,0,0,0,0,0,0,0,0,0,0,0,0,0,0,0,0,0,0,0,0,0,0,0,0,0,0,0,0,448,29,0,0,0,0,0,0,0,0,0,0,0,0,0,0,0,0,0,0,736,31,0,0,1,1,0,0,2684,15
robotframework_seleniumlibrary,2015-04-10,d24233649c5901b62bdb09cabe3503e07804216f,47,0,0,0,0,0,0,0,0,0,0,0,0,0,0,0,0,0,0,0,0,0,0,0,0,0,0,0,0,0,0,0,0,0,0,0,0,0,0,0,0,0,0,0,0,0,0,0,0,0,0,0,0,0,0,0,0,0,0,0,0,0,0,0,0,0,0,0,0,449,28,0,0,0,0,0,0,0,0,0,0,0,0,0,0,0,0,0,0,740,31,0,0,1,1,0,0,2693,15
robotframework_seleniumlibrary,2015-05-11,59d95655c5db35b3d63a15652cde2279e6af5626,47,0,0,0,0,0,0,0,0,0,0,0,0,0,0,0,0,0,0,0,0,0,0,0,0,0,0,0,0,0,0,0,0,0,0,0,0,0,0,0,0,0,0,0,0,0,0,0,0,0,0,0,0,0,0,0,0,0,0,0,0,0,0,0,0,0,0,0,0,453,29,0,0,0,0,0,0,0,0,0,0,0,0,0,0,0,0,0,0,743,31,0,0,1,1,0,0,2718,15
robotframework_seleniumlibrary,2015-06-17,1ae25dab9be95f73bea9461c57449d57bb7e0b69,52,0,0,0,0,0,0,0,0,0,0,0,0,0,0,0,0,0,0,0,0,0,0,0,0,0,0,0,0,0,0,0,0,0,0,0,0,0,0,0,0,0,0,0,0,0,0,0,0,0,0,0,0,0,0,0,0,0,0,0,0,0,0,0,0,0,0,0,0,482,34,0,0,0,0,0,0,0,0,0,0,0,0,0,0,0,0,0,0,778,35,0,0,1,1,0,0,2886,15
robotframework_seleniumlibrary,2015-07-18,d34b5562f29960f9dbd8352374e5d81714842977,52,0,0,0,0,0,0,0,0,0,0,0,0,0,0,0,0,0,0,0,0,0,0,0,0,0,0,0,0,0,0,0,0,0,0,0,0,0,0,0,0,0,0,0,0,0,0,0,0,0,0,0,0,0,0,0,0,0,0,0,0,0,0,0,0,0,0,0,0,483,34,0,0,0,0,0,0,0,0,0,0,0,0,0,0,0,0,0,0,780,35,0,0,1,1,0,0,2892,15
robotframework_seleniumlibrary,2015-08-25,75e70a033c5b06d703721a2ace2e23a872bf06ef,52,0,0,0,0,0,0,0,0,0,0,0,0,0,0,0,0,0,0,0,0,0,0,0,0,0,0,0,0,0,0,0,0,0,0,0,0,0,0,0,0,0,0,0,0,0,0,0,0,0,0,0,0,0,0,0,0,0,0,0,0,0,0,0,0,0,0,0,0,492,34,0,0,0,0,0,0,0,0,0,0,0,0,0,0,0,0,0,0,791,35,0,0,1,1,0,0,2945,15
robotframework_seleniumlibrary,2015-09-29,fd018789f15f41f193294ab75c65f41c4fa532d3,52,0,0,0,0,0,0,0,0,0,0,0,0,0,0,0,0,0,0,0,0,0,0,0,0,0,0,0,0,0,0,0,0,0,0,0,0,0,0,0,0,0,0,0,0,0,0,0,0,0,0,0,0,0,0,0,0,0,0,0,0,0,0,0,0,0,0,0,0,493,35,0,0,0,0,0,0,0,0,0,0,0,0,0,0,0,0,0,0,792,35,0,0,1,1,0,0,2949,15
robotframework_seleniumlibrary,2015-11-04,8930563d5f7e8ef1ab499bf36f97a5bb9cc1105a,53,0,0,0,0,0,0,0,0,0,0,0,0,0,0,0,0,0,0,0,0,0,0,0,0,0,0,0,0,0,0,0,0,0,0,0,0,0,0,0,0,0,0,0,0,0,0,0,0,0,0,0,0,0,0,0,0,0,0,0,0,0,0,0,0,0,0,0,0,495,35,0,0,0,0,0,0,0,0,0,0,0,0,0,0,0,0,0,0,791,36,0,0,1,1,0,0,2958,15
robotframework_seleniumlibrary,2016-04-29,bf5c56f16b2ee899962020def9b788f4b4c7856d,53,0,0,0,0,0,0,0,0,0,0,0,0,0,0,0,0,0,0,0,0,0,0,0,0,0,0,0,0,0,0,0,0,0,0,0,0,0,0,0,0,0,0,0,0,0,0,0,0,0,0,0,0,0,0,0,0,0,0,0,0,0,0,0,0,0,0,0,0,495,37,0,0,0,0,0,0,0,0,0,0,0,0,0,0,0,0,0,0,791,36,0,0,1,1,0,0,2963,15
robotframework_seleniumlibrary,2016-06-11,7cbb77df19791257d5960aacb03eba413b70c959,53,0,0,0,0,0,0,0,0,0,0,0,0,0,0,0,0,0,0,0,0,0,0,0,0,0,0,0,0,0,0,0,0,0,0,0,0,0,0,0,0,0,0,0,0,0,0,0,0,0,0,0,0,0,0,0,0,0,0,0,0,0,0,0,0,0,0,0,0,495,33,0,0,0,0,0,0,0,0,0,0,0,0,0,0,0,0,0,0,791,36,0,0,1,1,0,0,2963,15
robotframework_seleniumlibrary,2016-08-08,b2c0145eaf5b1c1d82675ecfea3147ab7681b625,53,0,0,0,0,0,0,0,0,0,0,0,0,0,0,0,0,0,0,0,0,0,0,0,0,0,0,0,0,0,0,0,0,0,0,0,0,0,0,0,0,0,0,0,0,0,0,0,0,0,0,0,0,0,0,0,0,0,0,0,0,0,0,0,0,0,0,0,0,496,36,0,0,0,0,0,0,0,0,0,0,0,0,0,0,0,0,0,0,791,35,0,0,1,1,0,0,2967,15
robotframework_seleniumlibrary,2016-09-08,37717abc4946611a6522c867cda2de0b95782326,39,0,0,0,0,0,0,0,0,0,0,0,0,0,0,0,0,0,0,0,0,0,0,0,0,0,0,0,0,0,0,0,0,0,0,0,0,0,0,0,0,0,0,0,0,0,0,0,0,0,0,0,0,0,0,0,0,0,0,0,0,0,0,0,0,0,0,0,0,485,35,0,0,0,0,0,0,0,0,0,0,0,0,0,0,0,0,0,0,819,36,0,0,2,2,0,0,3083,1
robotframework_seleniumlibrary,2016-10-09,2466942a64f79b2d1add0d6e8068b20addbdb08a,39,0,0,0,0,0,0,0,0,0,0,0,0,0,0,0,0,0,0,0,0,0,0,0,0,0,0,0,0,0,0,0,0,0,0,0,0,0,0,0,0,0,0,0,0,0,0,0,0,0,0,0,0,0,0,0,0,0,0,0,0,0,0,0,0,0,0,0,0,484,36,0,0,0,0,0,0,0,0,0,0,0,0,0,0,0,0,0,0,819,36,0,0,3,3,0,0,3083,1
robotframework_seleniumlibrary,2016-12-03,75dd4dde6737329910fd4f0663cf218b9df19577,39,0,0,0,0,0,0,0,0,0,0,0,0,0,0,0,0,0,0,0,0,0,0,0,0,0,0,0,0,0,0,0,0,0,0,0,0,0,0,0,0,0,0,0,0,0,0,0,0,0,0,0,0,0,0,0,0,0,0,0,0,0,0,0,0,0,0,0,0,487,35,0,0,0,0,0,0,0,0,0,0,0,0,0,0,0,0,0,0,824,36,0,0,3,3,0,0,3098,1
robotframework_seleniumlibrary,2017-01-02,88f733c8d441bca5670abd5da25810c982c868b9,38,0,0,0,0,0,0,0,0,0,0,0,0,0,0,0,0,0,0,0,0,0,0,0,0,0,0,0,0,0,0,0,0,0,0,0,0,0,0,0,0,0,0,0,0,0,0,0,0,0,0,0,0,0,0,0,0,0,0,0,0,0,0,0,0,0,0,0,0,470,33,0,0,0,0,0,0,0,0,0,0,0,0,0,0,0,0,0,0,784,35,0,0,2,2,0,0,2960,1
robotframework_seleniumlibrary,2017-02-02,c104b5f03f67d3b8974d1043db0bb46172083973,37,0,0,0,0,0,0,0,0,0,0,0,0,0,0,0,0,0,0,0,0,0,0,0,0,0,0,0,0,0,0,0,0,0,0,0,0,0,0,0,0,0,0,0,0,0,0,0,0,0,0,0,0,0,0,0,0,0,0,0,0,0,0,0,0,0,0,0,0,470,35,0,0,0,0,0,0,0,0,0,0,0,0,0,0,0,0,0,0,790,34,0,0,5,3,0,0,2975,1
robotframework_seleniumlibrary,2017-03-17,e462923dc4e0614a421e377da119fd4f018e365d,36,0,0,0,0,0,0,0,0,0,0,0,0,0,0,0,0,0,0,0,0,0,0,0,0,0,0,0,0,0,0,0,0,0,0,0,0,0,0,0,0,0,0,0,0,0,0,0,0,0,0,0,0,0,0,0,0,0,0,0,0,0,0,0,0,0,0,0,0,462,33,0,0,0,0,0,0,0,0,0,0,0,0,0,0,0,0,0,0,789,33,0,0,5,3,0,0,2954,1
robotframework_seleniumlibrary,2017-04-28,16c67236646e337126e50ce261ca1e98dcb9ffd7,36,0,0,0,0,0,0,0,0,0,0,0,0,0,0,0,0,0,0,0,0,0,0,0,0,0,0,0,0,0,0,0,0,0,0,0,0,0,0,0,0,0,0,0,0,0,0,0,0,0,0,0,0,0,0,0,0,0,0,0,0,0,0,0,0,0,0,0,0,464,33,0,0,0,0,0,0,0,0,0,0,0,0,0,0,0,0,0,0,804,33,0,0,5,3,0,0,2981,1
robotframework_seleniumlibrary,2017-06-02,4ab540a87db80aa40bc658747a9e7a657b38688f,38,0,0,0,0,0,0,0,0,0,0,0,0,0,0,0,0,0,0,0,0,0,0,0,0,0,0,0,0,0,0,0,0,0,0,0,0,0,0,0,0,0,0,0,0,0,0,0,0,0,0,0,0,0,0,0,0,0,0,0,0,0,0,0,0,0,0,0,0,486,35,0,0,0,0,0,0,0,0,0,0,0,0,0,0,0,0,0,0,818,35,0,0,6,4,0,0,3088,1
robotframework_seleniumlibrary,2017-07-03,92adb72ffdc22fcf8bbcce3aaa73f4fe8855c6c6,37,0,0,0,0,0,0,0,0,0,0,0,0,0,0,0,0,0,0,0,0,0,0,0,0,0,0,0,0,0,0,0,0,0,0,0,0,0,0,0,0,0,0,0,0,0,0,0,0,0,0,0,0,0,0,0,0,0,0,0,0,0,0,0,0,0,0,0,0,494,35,0,0,0,0,0,0,0,0,0,0,0,0,0,0,0,0,0,0,756,35,0,0,6,4,0,0,3045,1
robotframework_seleniumlibrary,2017-08-12,3d64250d650bc83d81a70fae82dc01174134e9c3,38,0,0,0,0,0,0,0,0,0,0,0,0,0,0,0,0,0,0,0,0,0,0,0,0,0,0,0,0,0,0,0,0,0,0,0,0,0,0,0,0,0,0,0,0,0,0,0,0,0,0,0,0,0,0,0,0,0,0,0,0,0,0,0,0,0,0,0,0,498,36,0,0,0,0,0,0,0,0,0,0,0,0,0,0,0,0,0,0,761,35,0,0,6,4,0,0,3070,1
robotframework_seleniumlibrary,2017-09-12,8e6a53e1f91208be01a487399cc65b228b6b3c07,49,0,0,0,0,0,0,0,0,0,0,0,0,0,0,0,0,0,0,0,0,0,0,0,0,0,0,0,0,0,0,0,0,0,0,0,0,0,0,0,0,0,0,0,0,0,0,0,0,0,0,0,0,0,0,0,0,0,0,0,0,0,0,0,0,0,0,0,0,558,47,0,0,0,0,0,0,0,0,0,0,0,0,0,0,0,0,0,0,853,46,0,0,10,5,0,0,3412,0
robotframework_seleniumlibrary,2017-10-12,83db1fe3915743e41a9bbe6d8a6b59078224db98,49,0,0,0,0,0,0,0,0,0,0,0,0,0,0,0,0,0,0,0,0,0,0,0,0,0,0,0,0,0,0,0,0,0,0,0,0,0,0,0,0,0,0,0,0,0,0,0,0,0,0,0,0,0,0,0,0,0,0,0,0,0,0,0,0,0,0,0,0,572,46,0,0,0,0,0,0,0,0,0,0,0,0,0,0,0,0,0,0,872,46,0,0,8,4,0,0,3526,0
robotframework_seleniumlibrary,2017-11-13,23a4c2c97f290bccd135192767247e3a06fdfb7b,48,0,0,0,0,0,0,0,0,0,0,0,0,0,0,0,0,0,0,0,0,0,0,0,0,0,0,0,0,0,0,0,0,0,0,0,0,0,0,0,0,0,0,0,0,0,0,0,0,0,0,0,0,0,0,0,0,0,0,0,0,0,0,0,0,0,0,0,0,539,46,0,0,0,0,0,0,0,0,0,0,0,0,0,0,0,0,0,0,737,46,0,0,8,4,0,0,3202,0
robotframework_seleniumlibrary,2017-12-13,a22bc44857aa04f316d6573688f27ca5f3a7406c,50,0,0,0,0,0,0,0,0,0,0,0,0,0,0,0,0,0,0,0,0,0,0,0,0,0,0,0,0,0,0,0,0,0,0,0,0,0,0,0,0,0,0,0,0,0,0,0,0,0,0,0,0,0,0,0,0,0,0,0,0,0,0,0,0,0,0,0,0,546,48,0,0,0,0,0,0,0,0,0,0,0,0,0,0,0,0,0,0,742,47,0,0,8,4,0,0,3241,0
robotframework_seleniumlibrary,2018-01-16,51afed6befcaf4b5aaf1657c0a2ffdf3f88bca6a,54,0,0,0,0,0,0,0,0,0,0,0,0,0,0,0,0,0,0,0,0,0,0,0,0,0,0,0,0,0,0,0,0,0,0,0,0,0,0,0,0,0,0,0,0,0,0,0,0,0,0,0,0,0,0,0,0,0,0,0,0,0,0,0,0,0,0,0,0,564,52,0,0,0,0,0,0,0,0,0,0,0,0,0,0,0,0,0,0,759,50,0,0,8,4,0,0,3323,0
robotframework_seleniumlibrary,2018-02-15,a64fd82320e30fe2a7cba2ea20e58ef091c54306,55,0,0,0,0,0,0,0,0,0,0,0,0,0,0,0,0,0,0,0,0,0,0,0,0,0,0,0,0,0,0,0,0,0,0,0,0,0,0,0,0,0,0,0,0,0,0,0,0,0,0,0,0,0,0,0,0,0,0,0,0,0,0,0,0,0,0,0,0,581,53,0,0,0,0,0,0,0,0,0,0,0,0,0,0,0,0,0,0,868,51,0,0,8,4,0,0,3554,0
robotframework_seleniumlibrary,2018-03-20,63b7d060a79c49feb52b9f06d66feba6b89a3c31,55,0,0,0,0,0,0,0,0,0,0,0,0,0,0,0,0,0,0,0,0,0,0,0,0,0,0,0,0,0,0,0,0,0,0,0,0,0,0,0,0,0,0,0,0,0,0,0,0,0,0,0,0,0,0,0,0,0,0,0,0,0,0,0,0,0,0,0,0,583,52,0,0,0,0,0,0,0,0,0,0,0,0,0,0,0,0,0,0,883,51,0,0,8,4,0,0,3583,0
robotframework_seleniumlibrary,2018-04-29,02f753822060fb9eb06acc28d3bbcf9134b0812b,55,0,0,0,0,0,0,0,0,0,0,0,0,0,0,0,0,0,0,0,0,0,0,0,0,0,0,0,0,0,0,0,0,0,0,0,0,0,0,0,0,0,0,0,0,0,0,0,0,0,0,0,0,0,0,0,0,0,0,0,0,0,0,0,0,0,0,0,0,585,53,0,0,0,0,0,0,0,0,0,0,0,0,0,0,0,0,0,0,888,51,0,0,8,4,0,0,3599,0
robotframework_seleniumlibrary,2018-06-15,18ab27e6b5856ba1c838453202460c8f0530fc8b,55,0,0,0,0,0,0,0,0,0,0,0,0,0,0,0,0,0,0,0,0,0,0,0,0,0,0,0,0,0,0,0,0,0,0,0,0,0,0,0,0,0,0,0,0,0,0,0,0,0,0,0,0,0,0,0,0,0,0,0,0,0,0,0,0,0,0,0,0,586,53,0,0,0,0,0,0,0,0,0,0,0,0,0,0,0,0,0,0,888,52,0,0,8,4,0,0,3602,0
robotframework_seleniumlibrary,2018-08-09,477cad6246edadc37fbd965ce3f2a8b6d52316e3,56,0,0,0,0,0,0,0,0,0,0,0,0,0,0,0,0,0,0,0,0,0,0,0,0,0,0,0,0,0,0,0,0,0,0,0,0,0,0,0,0,0,0,0,0,0,0,0,0,0,0,0,0,0,0,0,0,0,0,0,0,0,0,0,0,0,0,0,0,594,54,0,0,0,0,0,0,0,0,0,0,0,0,0,0,0,0,0,0,906,52,0,0,8,4,0,0,3673,0
robotframework_seleniumlibrary,2018-09-10,8edce40cd069172fe3478c42300f65c06c466f8a,58,0,0,0,0,0,0,0,0,0,0,0,0,0,0,0,0,0,0,0,0,0,0,0,0,0,0,0,0,0,0,0,0,0,0,0,0,0,0,0,0,0,0,0,0,0,0,0,0,0,0,0,0,0,0,0,0,0,0,0,0,0,0,0,0,0,0,0,0,605,54,0,0,0,0,0,0,0,0,0,0,0,0,0,0,0,0,0,0,937,54,0,0,8,4,0,0,3761,0
robotframework_seleniumlibrary,2018-10-28,04680eec78e465e5bfcb28bec8df04776460a8a7,59,0,0,0,0,0,0,0,0,0,0,0,0,0,0,0,0,0,0,0,0,0,0,0,0,0,0,0,0,0,0,0,0,0,0,0,0,0,0,0,0,0,0,0,0,0,0,0,0,0,0,0,0,0,0,0,0,0,0,0,0,0,0,0,0,0,0,0,0,606,56,0,0,0,0,0,0,0,0,0,0,0,0,0,0,0,0,0,0,944,55,0,0,8,4,0,0,3758,0
robotframework_seleniumlibrary,2018-11-27,bc6a4af75081cd2f59a690af495d213f2d7cbc39,58,0,0,0,0,0,0,0,0,0,0,0,0,0,0,0,0,0,0,0,0,0,0,0,0,0,0,0,0,0,0,0,0,0,0,0,0,0,0,0,0,0,0,0,0,0,0,0,0,0,0,0,0,0,0,0,0,0,0,0,0,0,0,0,0,0,0,0,0,608,56,0,0,0,0,0,0,0,0,0,0,0,0,0,0,0,0,0,0,947,53,0,0,8,4,0,0,3770,0
robotframework_seleniumlibrary,2019-01-02,92c1210a38fbe227020c0a74b4b27dd48d4c4c8d,60,0,0,0,0,0,0,0,0,0,0,0,0,0,0,0,0,0,0,0,0,0,0,0,0,0,0,0,0,0,0,0,0,0,0,0,0,0,0,0,0,0,0,0,0,0,0,0,0,0,0,0,0,0,0,0,0,0,0,0,0,0,0,0,0,0,0,0,0,636,58,0,0,0,0,0,0,0,0,0,0,0,0,0,0,0,0,0,0,987,57,0,0,9,5,0,0,4013,0
robotframework_seleniumlibrary,2019-02-05,b932e94ca55d334c77cd1632ece94ca773aed62e,60,0,0,0,0,0,0,0,0,0,0,0,0,0,0,0,0,0,0,0,0,0,0,0,0,0,0,0,0,0,0,0,0,0,0,0,0,0,0,0,0,0,0,0,0,0,0,0,0,0,0,0,0,0,0,0,0,0,0,0,0,0,0,0,0,0,0,0,0,647,58,0,0,0,0,0,0,0,0,0,0,0,0,0,0,0,0,0,0,1046,57,0,0,9,5,0,0,4113,0
robotframework_seleniumlibrary,2019-03-08,5bab6444cf580d193f341ecdc8641d1b2a8c85aa,73,0,0,0,0,0,0,0,0,0,0,0,0,0,0,0,0,0,0,0,0,0,0,0,0,0,0,0,0,0,0,0,0,0,0,0,0,0,0,0,0,0,0,0,0,0,0,0,0,0,0,0,0,0,0,0,0,0,0,0,0,0,0,0,0,0,0,0,0,694,70,0,0,0,0,0,0,0,0,0,0,0,0,0,0,0,0,0,0,1120,66,0,0,9,5,0,0,4374,0
robotframework_seleniumlibrary,2019-04-18,6e02b5e1d89b74a9d22d7921d70eef3128bb825a,81,0,0,0,0,0,0,0,0,0,0,0,0,0,0,0,0,0,0,0,0,0,0,0,0,0,0,0,0,0,0,0,0,0,0,0,0,0,0,0,0,0,0,0,0,0,0,0,0,0,0,0,0,0,0,0,0,0,0,0,0,0,0,0,0,0,0,0,0,731,79,0,0,0,0,0,0,0,0,0,0,0,0,0,0,0,0,0,0,1184,69,0,0,5,4,0,0,4498,0
robotframework_seleniumlibrary,2019-05-24,3fb56fab4267bf1e2c5ad811891ea14f4fe544f1,81,0,0,0,0,0,0,0,0,0,0,0,0,0,0,0,0,0,0,0,0,0,0,0,0,0,0,0,0,0,0,0,0,0,0,0,0,0,0,0,0,0,0,0,0,0,0,0,0,0,0,0,0,0,0,0,0,0,0,0,0,0,0,0,0,0,0,0,0,750,79,0,0,0,0,0,0,0,0,0,0,0,0,0,0,0,0,0,0,1226,68,0,0,5,4,0,0,4663,0
robotframework_seleniumlibrary,2019-06-24,de3d1aa650d9650bcd5c67f95ba9ecbcd7022970,82,0,0,0,0,0,0,0,0,0,0,0,0,0,0,0,0,0,0,0,0,0,0,0,0,0,0,0,0,0,0,0,0,0,0,0,0,0,0,0,0,0,0,0,0,0,0,0,0,0,0,0,0,0,0,0,0,0,0,0,0,0,0,0,0,0,0,0,0,774,81,0,0,0,0,0,0,0,0,0,0,0,0,0,0,0,0,0,0,1294,69,0,0,8,5,0,0,4866,0
robotframework_seleniumlibrary,2019-07-27,b218330829997bb743aca8c9b511f6111c645e90,87,0,0,0,0,0,0,0,0,0,0,0,0,0,0,0,0,0,0,0,0,0,0,0,0,0,0,0,0,0,0,0,0,0,0,0,0,0,0,0,0,0,0,0,0,0,0,0,0,0,0,0,0,0,0,0,0,0,0,0,0,0,0,0,0,0,0,0,0,832,86,0,0,0,0,0,0,0,0,0,0,0,0,0,0,0,0,0,0,1483,74,0,0,9,5,0,0,5352,0
robotframework_seleniumlibrary,2019-08-27,44a41f0a8ce719c928cd9d7fe7b33b3998006ee3,90,0,0,0,0,0,0,0,0,0,0,0,0,0,0,0,0,0,0,0,0,0,0,0,0,0,0,0,0,0,0,0,0,0,0,0,0,0,0,0,0,0,0,0,0,0,0,0,0,0,0,0,0,0,0,0,0,0,0,0,0,0,0,0,0,0,0,0,0,857,89,0,0,0,0,0,0,0,0,0,0,0,0,0,0,0,0,0,0,1521,80,0,0,9,5,0,0,5504,0
robotframework_seleniumlibrary,2019-09-28,69e94b3634c43cad0611660a2b31a50cdfba8a08,91,0,0,0,0,0,0,0,0,0,0,0,0,0,0,0,0,0,0,0,0,0,0,0,0,0,0,0,0,0,0,0,0,0,0,0,0,0,0,0,0,0,0,0,0,0,0,0,0,0,0,0,0,0,0,0,0,0,0,0,0,0,0,0,0,0,0,0,0,861,88,0,0,0,0,0,0,0,0,0,0,0,0,0,0,0,0,0,0,1547,80,0,0,9,5,0,0,5593,0
robotframework_seleniumlibrary,2019-10-29,13da2966863e18d5c8a4fc585cf88afddf3938af,93,0,0,0,0,0,0,0,0,0,0,0,0,0,0,0,0,0,0,0,0,0,0,0,0,0,0,0,0,0,0,0,0,0,0,0,0,0,0,0,0,0,0,0,0,0,0,0,0,0,0,0,0,0,0,0,0,0,0,0,0,0,0,0,0,0,0,0,0,862,91,0,0,0,0,0,0,0,0,0,0,0,0,0,0,0,0,0,0,1579,80,0,0,9,5,0,0,5649,0
robotframework_seleniumlibrary,2019-12-07,10312045bb8c439f7fa8d071171ffe6ca25cabf3,93,0,0,0,0,0,0,0,0,0,0,0,0,0,0,0,0,0,0,0,0,0,0,0,0,0,0,0,0,0,0,0,0,0,0,0,0,0,0,0,0,0,0,0,0,0,0,0,0,0,0,0,0,0,0,0,0,0,0,0,0,0,0,0,0,0,0,0,0,859,90,0,0,0,0,0,0,0,0,0,0,0,0,0,0,0,0,0,0,1585,78,0,0,9,5,0,0,5652,0
robotframework_seleniumlibrary,2020-01-19,fce3732cfabffc7932bb0f527d69e83aae3c1680,96,0,0,0,0,0,0,0,0,0,0,0,0,0,0,0,0,0,0,0,0,0,0,0,0,0,0,0,0,0,0,0,0,0,0,0,0,0,0,0,0,0,0,0,0,0,0,0,0,0,0,0,0,0,0,0,0,0,0,0,0,0,0,0,0,0,0,0,0,890,94,0,0,0,0,0,0,0,0,0,0,0,0,0,0,0,0,0,0,1647,83,0,0,9,5,0,0,5859,0
robotframework_seleniumlibrary,2020-02-28,37f6eccb125ad59c4f8224b406b22fb1dee5b9db,96,0,0,0,0,0,0,0,0,0,0,0,0,0,0,0,0,0,0,0,0,0,0,0,0,0,0,0,0,0,0,0,0,0,0,0,0,0,0,0,0,0,0,0,0,0,0,0,0,0,0,0,0,0,0,0,0,0,0,0,0,0,0,0,0,0,0,0,0,913,95,0,0,0,0,0,0,0,0,0,0,0,0,0,0,0,0,0,0,1755,82,0,0,9,5,0,0,6066,0
robotframework_seleniumlibrary,2020-04-12,339ac1c1f307c6749f23281aebedaff631ee731b,96,0,0,0,0,0,0,0,0,0,0,0,0,0,0,0,0,0,0,0,0,0,0,0,0,0,0,0,0,0,0,0,0,0,0,0,0,0,0,0,0,0,0,0,0,0,0,0,0,0,0,0,0,0,0,0,0,0,0,0,0,0,0,0,0,0,0,0,0,924,93,0,0,0,0,0,0,0,0,0,0,0,0,0,0,0,0,0,0,1776,83,0,0,11,5,0,0,6154,0
robotframework_seleniumlibrary,2020-05-22,e2d4723299c59d03cb6d4c295908441a00b6bf79,96,0,0,0,0,0,0,0,0,0,0,0,0,0,0,0,0,0,0,2,1,0,0,0,0,0,0,0,0,0,0,0,0,0,0,0,0,0,0,0,0,0,0,0,0,0,0,0,0,0,0,0,0,0,0,0,0,0,0,0,0,0,0,0,0,0,0,0,0,929,95,0,0,0,0,0,0,0,0,0,0,0,0,0,0,0,0,0,0,1783,82,0,0,11,5,0,0,6198,0
robotframework_seleniumlibrary,2020-07-10,4b7fec67f60a77f1b076bbb72d1cd653b5022b00,95,0,0,0,0,0,0,0,0,0,0,0,0,0,0,0,0,0,0,2,1,0,0,0,0,0,0,0,0,0,0,0,0,0,0,0,0,0,0,0,0,0,0,0,0,0,0,0,0,0,0,0,0,0,0,0,0,0,0,0,0,0,0,0,0,0,0,0,0,901,94,0,0,0,0,0,0,0,0,0,0,0,0,0,0,0,0,0,0,1733,85,0,0,8,4,0,0,6004,0
robotframework_seleniumlibrary,2020-08-31,9bfc0dd5b99ab9d2c4fef40090b789864e00ea3d,95,0,0,0,0,0,0,0,0,0,0,0,0,0,0,0,0,0,0,2,1,0,0,0,0,0,0,0,0,0,0,0,0,0,0,0,0,0,0,0,0,0,0,0,0,0,0,0,0,0,0,0,0,0,0,0,0,0,0,0,0,0,0,0,0,0,0,0,0,901,94,0,0,0,0,0,0,0,0,0,0,0,0,0,0,0,0,0,0,1738,85,0,0,8,4,0,0,6010,0
robotframework_seleniumlibrary,2020-09-30,cdd61fb29d3fcf750ce92d5b6b5de3de6f96d346,97,0,0,0,0,0,0,0,0,0,0,0,0,0,0,0,0,0,0,246,40,0,0,0,0,0,0,0,0,0,0,0,0,0,0,0,0,0,0,0,0,0,0,0,0,0,0,0,0,0,0,0,0,0,0,0,0,0,0,0,0,0,0,363,58,18,13,184,18,728,95,0,0,0,0,0,0,0,0,0,0,0,0,0,0,0,0,1,1,1767,87,0,0,8,4,0,0,6116,0
robotframework_seleniumlibrary,2020-11-02,68595d246614ebe495fee3aac8cc68125a92660e,98,0,0,0,0,0,0,0,0,0,0,0,0,0,0,0,0,0,0,249,41,0,0,0,0,0,0,0,0,0,0,0,0,0,0,0,0,0,0,0,0,0,0,0,0,0,0,1,0,0,0,0,0,0,1,0,0,0,0,0,0,0,0,366,58,20,14,187,20,732,95,0,0,0,0,0,0,0,0,0,0,0,0,0,0,0,0,1,1,1783,86,0,0,8,4,0,0,6146,0
robotframework_seleniumlibrary,2021-01-30,6117d8cd60919d3474e105ea0cfb1288019279fe,98,0,0,0,0,0,0,0,0,0,0,0,0,0,0,0,0,0,0,250,44,0,0,0,0,0,0,0,0,0,0,0,0,0,0,0,0,0,0,0,0,0,0,0,0,0,0,1,0,0,0,0,0,0,1,0,0,0,0,0,0,0,0,366,58,19,13,187,19,732,97,0,0,0,0,0,0,0,0,0,0,0,0,0,0,0,0,1,1,1785,89,0,0,9,4,0,0,6153,0
robotframework_seleniumlibrary,2021-03-05,6025235f6b24b4843a753dc90fb4c2a814c27227,98,0,0,0,0,0,0,0,0,0,0,0,0,0,0,0,0,0,0,251,43,0,0,0,0,0,0,0,0,0,0,0,0,0,0,0,0,0,0,0,0,0,0,0,0,0,0,1,0,0,0,0,0,0,1,0,0,0,0,0,0,0,0,376,58,20,14,194,20,725,95,0,0,0,0,0,0,0,0,0,0,0,0,0,0,0,0,1,1,1786,87,0,0,9,4,0,0,6168,0
robotframework_seleniumlibrary,2021-04-16,489178c1beb16a4b90747ed35bad7dac80a1cc24,99,0,0,0,0,0,0,0,0,0,0,0,0,0,0,0,0,0,0,254,42,0,0,0,0,0,0,0,0,0,0,0,0,0,0,0,0,0,0,0,0,0,0,0,0,0,0,1,0,0,0,0,0,0,1,0,0,0,0,0,0,0,0,377,59,20,14,195,20,732,97,0,0,0,0,0,0,0,0,0,0,0,0,0,0,0,0,1,1,1795,88,0,0,9,4,0,0,6213,0
robotframework_seleniumlibrary,2021-06-10,82a6663a4f466ec0dc187c0e6dc07fe98e9b2c8e,99,0,0,0,0,0,0,0,0,0,0,0,0,0,0,0,0,0,0,254,43,0,0,0,0,0,0,0,0,0,0,0,0,0,0,0,0,0,0,0,0,0,0,0,0,0,0,1,0,0,0,0,0,0,1,0,0,0,0,0,0,0,0,377,59,22,15,195,22,732,98,0,0,0,0,0,0,0,0,0,0,0,0,0,0,0,0,1,1,1795,88,0,0,9,4,0,0,6213,0
robotframework_seleniumlibrary,2021-08-29,22546564a2acffc3262f2bcca6b4e424cccba23b,99,0,0,0,0,0,0,0,0,0,0,0,0,0,0,0,0,0,0,254,42,0,0,0,0,0,0,0,0,0,0,0,0,0,0,0,0,0,0,0,0,0,0,0,0,0,0,1,0,0,0,0,0,0,1,0,0,0,0,0,0,0,0,377,59,21,15,195,21,732,98,0,0,0,0,0,0,0,0,0,0,0,0,0,0,0,0,1,1,1795,88,0,0,9,4,0,0,6213,0
robotframework_seleniumlibrary,2021-12-05,0d73cd488dffeb634dbf9164f61c2c8ab953b0b7,99,0,0,0,0,0,0,0,0,0,0,0,0,0,0,0,0,0,0,254,43,0,0,0,0,0,0,0,0,0,0,0,0,0,0,0,0,0,0,0,0,0,0,0,0,0,0,1,0,0,0,0,0,0,1,0,0,0,0,0,0,0,0,377,59,21,15,195,21,732,96,0,0,0,0,0,0,0,0,0,0,0,0,0,0,0,0,1,1,1795,88,0,0,9,4,0,0,6214,0
robotframework_seleniumlibrary,2022-01-08,57f7718d569f89a851dfe0c9e33a24643b02ba6a,99,0,0,0,0,0,0,0,0,0,0,0,0,0,0,0,0,0,0,255,41,0,0,0,0,0,0,0,0,0,0,0,0,0,0,0,0,0,0,0,0,0,0,0,0,0,0,1,0,0,0,0,0,0,1,0,0,0,0,0,0,0,0,377,59,20,13,195,18,720,97,0,0,0,0,0,0,0,0,0,0,0,0,0,0,0,0,1,1,1744,88,0,0,9,4,0,0,6123,0
robotframework_seleniumlibrary,2022-04-19,7769ed6fe6565007c4938664ce7f84cce343c4cd,99,0,0,0,0,0,0,0,0,0,0,0,0,0,0,0,0,0,0,255,43,0,0,0,0,0,0,0,0,0,0,0,0,0,0,0,0,0,0,0,0,0,0,0,0,0,0,1,0,0,0,0,0,0,1,0,0,0,0,0,0,0,0,377,59,23,15,195,21,720,97,0,0,0,0,0,0,0,0,0,0,0,0,0,0,0,0,1,1,1744,88,0,0,9,4,0,0,6123,0
robotframework_seleniumlibrary,2022-07-29,994a13885276a0931c1aac358700f78dab7c9c4b,99,0,0,0,0,0,0,0,0,0,0,0,0,0,0,0,0,0,0,255,42,0,0,0,0,0,0,0,0,0,0,0,0,0,0,0,0,0,0,0,0,0,0,0,0,0,0,1,0,0,0,0,0,0,1,0,0,0,0,0,0,0,0,377,59,20,14,195,20,721,97,0,0,0,0,0,0,0,0,0,0,0,0,0,0,0,0,1,1,1744,88,0,0,9,4,0,0,6126,0
robotframework_seleniumlibrary,2022-10-03,0be8fd79b8413154ec044c0f8f715cd76e6c6107,99,0,0,0,0,0,0,0,0,0,0,0,0,0,0,0,0,0,0,255,41,0,0,0,0,0,0,0,0,0,0,0,0,0,0,0,0,0,0,0,0,0,0,0,0,0,0,1,0,0,0,0,0,0,1,0,0,0,0,0,0,0,0,377,59,21,14,195,21,710,97,0,0,0,0,0,0,0,0,0,0,0,0,0,0,0,0,1,1,1702,88,0,0,9,4,0,0,6045,0
robotframework_seleniumlibrary,2022-12-21,9ade735e3f65e83e9309cd3c751ae1f1e07bdc2f,99,0,0,0,0,0,0,0,0,0,0,0,0,0,0,0,0,0,0,256,42,0,0,0,0,0,0,0,0,0,0,0,0,0,0,0,0,0,0,0,0,0,0,0,0,0,0,1,0,0,0,0,0,0,1,0,0,0,0,0,0,0,0,377,59,20,14,195,20,710,96,0,0,0,0,0,0,0,0,0,0,0,0,0,0,0,0,1,1,1702,88,0,0,10,4,0,0,6047,0
robotframework_seleniumlibrary,2023-02-19,6faa10210be5e510764b785e167e21de45dc89b4,99,0,0,0,0,0,0,0,0,0,0,0,0,0,0,0,0,0,0,256,42,0,0,0,0,0,0,0,0,0,0,0,0,0,0,0,0,0,0,0,0,0,0,0,0,0,0,1,0,0,0,0,0,0,1,0,0,0,0,0,0,0,0,377,59,21,13,195,20,710,97,0,0,0,0,0,0,0,0,0,0,0,0,0,0,0,0,1,1,1702,88,0,0,10,4,0,0,6047,0
robotframework_seleniumlibrary,2023-03-29,c28243d59928800cdb09c7091e250bbd65d25866,99,0,0,0,0,0,0,0,0,0,0,0,0,0,0,0,0,0,0,256,43,0,0,0,0,0,0,0,0,0,0,0,0,0,0,0,0,0,0,0,0,0,0,0,0,0,0,1,0,0,0,0,0,0,1,0,0,0,0,0,0,0,0,377,59,20,14,195,20,710,97,0,0,0,0,0,0,0,0,0,0,0,0,0,0,0,0,1,1,1702,88,0,0,10,4,0,0,6047,0
robotframework_seleniumlibrary,2023-04-28,d46fa96c159c45e5c03d154af9490769b7bbfb93,99,0,0,0,0,0,0,0,0,0,0,0,0,0,0,0,0,0,0,262,44,0,0,0,0,0,0,0,0,0,0,0,0,0,0,0,0,0,0,0,0,0,0,0,0,0,0,1,0,0,0,0,0,0,1,0,0,0,0,0,0,0,0,379,62,21,15,198,21,719,97,0,0,0,0,0,0,0,0,0,0,0,0,0,0,0,0,1,1,1706,88,0,0,10,4,0,0,6091,0
robotframework_seleniumlibrary,2023-06-09,3560c5fcd3c57344964c51b1ec3d99a32c03596d,99,0,0,0,0,0,0,0,0,0,0,0,0,0,0,0,0,0,0,262,43,0,0,0,0,0,0,0,0,0,0,0,0,0,0,0,0,0,0,0,0,0,0,0,0,0,0,1,0,0,0,0,0,0,1,0,0,0,0,0,0,0,0,379,62,21,15,198,21,719,97,0,0,0,0,0,0,0,0,0,0,0,0,0,0,0,0,1,1,1706,88,0,0,10,3,0,0,6091,0
robotframework_seleniumlibrary,2023-08-01,31acf26c26a278deb8a082720fa7287dc1a8e4b3,99,0,0,0,0,0,0,0,0,0,0,0,0,0,0,0,0,0,0,263,41,0,0,0,0,0,0,0,0,0,0,0,0,0,0,0,0,0,0,0,0,0,0,0,0,0,0,1,0,0,0,0,0,0,1,0,0,0,0,0,0,0,0,379,62,21,15,198,21,722,96,0,0,0,0,0,0,0,0,0,0,0,0,0,0,0,0,1,1,1722,87,0,0,10,4,0,0,6129,0
robotframework_seleniumlibrary,2023-09-09,9f2f7da93056848ebbf5818b8fdc414df14203ff,99,0,0,0,0,0,0,0,0,0,0,0,0,0,0,0,0,0,0,262,43,0,0,0,0,0,0,0,0,0,0,0,0,0,0,0,0,0,0,0,0,0,0,0,0,0,0,1,0,0,0,0,0,0,1,0,0,0,0,0,0,0,0,379,62,20,14,198,20,696,97,0,0,0,0,0,0,0,0,0,0,0,0,0,0,0,0,1,1,1623,88,0,0,10,4,0,0,5934,0
robotframework_seleniumlibrary,2023-10-12,521c42239cb94d775422b011b571bf11c320aff7,99,0,0,0,0,0,0,0,0,0,0,0,0,0,0,0,0,0,0,262,43,0,0,0,0,0,0,0,0,0,0,0,0,0,0,0,0,0,0,0,0,0,0,0,0,0,0,1,0,0,0,0,0,0,1,0,0,0,0,0,0,0,0,379,62,21,14,198,21,696,97,0,0,0,0,0,0,0,0,0,0,0,0,0,0,0,0,1,1,1617,88,0,0,10,4,0,0,5932,0
robotframework_seleniumlibrary,2023-11-15,30834595a95658f967f0f20ffdfca7f8902e102d,100,0,0,0,0,0,0,0,0,0,0,0,0,0,0,0,0,0,0,262,43,0,0,0,0,0,0,0,0,0,0,0,0,0,0,0,0,0,0,0,0,0,0,0,0,0,0,1,0,0,0,0,0,0,1,0,0,0,0,0,0,0,0,381,62,22,14,199,22,697,98,1,1,1,1,0,0,0,0,0,0,0,0,0,0,0,0,1,1,1623,90,0,0,10,4,0,0,5953,0
robotframework_seleniumlibrary,2023-12-18,6a1a9be537a0cd2380fccd5a16da312195079b88,99,0,0,0,0,0,0,0,0,0,0,0,0,0,0,0,0,0,0,262,42,0,0,0,0,0,0,0,0,0,0,0,0,0,0,0,0,0,0,0,0,0,0,0,0,0,0,1,0,0,0,0,0,0,1,0,0,0,0,0,0,0,0,379,62,21,14,198,20,697,97,0,0,0,0,0,0,0,0,0,0,0,0,0,0,0,0,1,1,1620,88,0,0,10,4,0,0,5942,0
robotframework_seleniumlibrary,2024-01-18,7ad5296f47380ecb5a314d4579c381e6bc7e144c,101,0,0,0,0,0,0,0,0,0,0,0,0,0,0,0,0,0,0,263,44,0,0,0,0,0,0,0,0,0,0,0,0,0,0,0,0,0,0,0,0,0,0,0,0,0,0,1,0,0,0,0,0,0,1,0,0,0,0,0,0,0,0,382,62,22,14,200,22,699,96,1,1,1,1,0,0,0,0,0,0,0,0,0,0,0,0,1,1,1627,90,0,0,10,4,0,0,5971,0
robotframework_seleniumlibrary,2024-02-18,da2004f83ad67f94d2f5f50c7608b6ab694c718a,99,0,0,0,0,0,0,0,0,0,0,0,0,0,0,0,0,0,0,264,42,0,0,0,0,0,0,0,0,0,0,0,0,0,0,0,0,0,0,0,0,0,0,0,0,0,0,1,0,0,0,0,0,0,1,0,0,0,0,0,0,0,0,385,64,20,14,200,20,707,98,0,0,0,0,0,0,0,0,0,0,0,0,0,0,0,0,1,1,1657,88,0,0,10,4,0,0,6054,0
robotframework_seleniumlibrary,2024-03-25,7bdca3c76d2265c3eb2438605b98f95e3865893d,101,0,0,0,0,0,0,0,0,0,0,0,0,0,0,0,0,0,0,263,45,0,0,0,0,0,0,0,0,0,0,0,0,0,0,0,0,0,0,0,0,0,0,0,0,0,0,1,0,0,0,0,0,0,1,0,0,0,0,0,0,0,0,382,62,22,14,200,22,699,99,1,1,1,1,0,0,0,0,0,0,0,0,0,0,0,0,1,1,1627,91,0,0,10,4,0,0,5972,0
robotframework_seleniumlibrary,2024-04-26,62fe312ab6d3bde59ef882102dbc82c8bf00572d,101,0,0,0,0,0,0,0,0,0,0,0,0,0,0,0,0,0,0,263,44,0,0,0,0,0,0,0,0,0,0,0,0,0,0,0,0,0,0,0,0,0,0,0,0,0,0,1,0,0,0,0,0,0,1,0,0,0,0,0,0,0,0,387,64,22,15,202,22,701,99,1,1,1,1,0,0,0,0,0,0,0,0,0,0,0,0,1,1,1629,90,0,0,10,4,0,0,5995,0
robotframework_seleniumlibrary,2024-06-09,ee5a7dee4cde1a0070369f8ca5d86406bdc8fb7e,108,0,0,0,0,0,0,0,0,0,0,0,0,0,0,0,0,0,0,289,49,0,0,0,0,0,0,0,0,0,0,0,0,0,0,0,0,0,0,0,0,0,0,0,0,0,0,1,0,0,0,0,0,0,1,0,0,0,0,0,0,0,0,415,71,27,18,216,28,724,104,1,1,1,1,0,0,0,0,0,0,0,0,0,0,5,2,3,2,1759,97,0,0,11,4,0,0,6397,0
robotframework_seleniumlibrary,2024-07-29,e8c16497be2ab1f19984266cbaea4732456dcb2e,108,0,0,0,0,0,0,0,0,0,0,0,0,0,0,0,0,0,0,289,49,0,0,0,0,0,0,0,0,0,0,0,0,0,0,0,0,0,0,0,0,0,0,0,0,0,0,1,0,0,0,0,0,0,1,0,0,0,0,0,0,0,0,415,71,26,17,216,27,724,103,1,1,1,1,0,0,0,0,0,0,0,0,0,0,5,2,3,2,1758,97,0,0,11,4,0,0,6396,0
robotframework_seleniumlibrary,2024-09-04,c52437b2452147b114fd10092c86fe520faf87bd,108,0,0,0,0,0,0,0,0,0,0,0,0,0,0,0,0,0,0,289,48,0,0,0,0,0,0,0,0,0,0,0,0,0,0,0,0,0,0,0,0,0,0,0,0,0,0,1,0,0,0,0,0,0,1,0,0,0,0,0,0,0,0,415,71,26,17,216,27,726,103,1,1,1,1,0,0,0,0,0,0,0,0,0,0,5,2,3,2,1760,98,0,0,11,4,0,0,6415,0
robotframework_seleniumlibrary,2024-10-07,2eef15ca3287112e984a86230b0f1b87c15fecdf,108,0,0,0,0,0,0,0,0,0,0,0,0,0,0,0,0,0,0,289,51,0,0,0,0,0,0,0,0,0,0,0,0,0,0,0,0,0,0,0,0,0,0,0,0,0,0,1,0,0,0,0,0,0,1,0,0,0,0,0,0,0,0,416,71,27,17,216,27,727,103,1,1,1,1,0,0,0,0,0,0,0,0,0,0,5,2,3,2,1765,97,0,0,11,4,0,0,6424,0
robotframework_seleniumlibrary,2024-12-29,7c285883ab2fa1067ce7bd18dfb6ff994e9693e7,108,0,0,0,0,0,0,0,0,0,0,0,0,0,0,0,0,0,0,289,49,0,0,0,0,0,0,0,0,0,0,0,0,0,0,0,0,0,0,0,0,0,0,0,0,0,0,1,0,0,0,0,0,0,1,0,0,0,0,0,0,0,0,416,71,26,17,217,27,727,103,1,1,1,1,0,0,0,0,0,0,0,0,0,0,5,2,3,2,1768,97,0,0,11,4,0,0,6432,0
